locus_tag,old_locus_tag,current_start_pos,current_codon,current_codon_noncanonical,n_candidates_upstream,upstream_limit_reason,rna_best_pos,rna_best_codon,rna_step_ratio,rna_step_ratio_exceeds_threshold,blast_best_species_hit,blast_qstart_aa,blast_pident,blast_supported_pos,blast_supported_codon,proposed_start_pos,proposed_codon,verdict
MA_RS00905,MA_0167,200788,CTG,True,0,stop_codon,200788,CTG,1.05,False,WP_048169204.1,1,94.118,200788,CTG,200788,CTG,現行アノテーションを支持
MA_RS24930,,311375,ATT,True,0,stop_codon,311375,ATT,0.87,False,,,,,,311375,ATT,現行アノテーションを支持
MA_RS01780,MA_0336,396260,ATT,True,0,stop_codon,396260,ATT,0.98,False,WP_082089518.1,16,67.136,396260,ATT,396260,ATT,現行アノテーションを支持
MA_RS29685,,428134,ATC,True,0,stop_codon,428134,ATC,0.71,False,,,,,,428134,ATC,現行アノテーションを支持
MA_RS02000,MA_0381,447488,CTG,True,0,stop_codon,447488,CTG,1.29,False,WP_082088841.1,1,95.266,447488,CTG,447488,CTG,現行アノテーションを支持
MA_RS02170,MA_0414,495432,ATT,True,0,stop_codon,495432,ATT,1.11,False,WP_315968704.1,1,95.763,495432,ATT,495432,ATT,現行アノテーションを支持
MA_RS02325,MA_0444,524887,ATT,True,0,stop_codon,524887,ATT,2.19,False,WP_269430140.1,1,96.517,524887,ATT,524887,ATT,現行アノテーションを支持
MA_RS28320,,556816,ATC,True,0,stop_codon,556816,ATC,1.11,False,WP_048046804.1,1,80.282,556816,ATC,556816,ATC,現行アノテーションを支持
MA_RS29695,MA_0485,564629,ATT,True,0,stop_codon,564629,ATT,1.0,False,WP_048171609.1,1,79.091,564629,ATT,564629,ATT,現行アノテーションを支持
MA_RS02760,MA_0527,615729,ATT,True,0,stop_codon,615729,ATT,0.53,False,WP_048142243.1,1,96.244,615729,ATT,615729,ATT,現行アノテーションを支持
MA_RS02850,MA_0543,634320,ATT,True,0,stop_codon,634320,ATT,1.66,False,WP_082089429.1,1,78.571,634320,ATT,634320,ATT,現行アノテーションを支持
MA_RS26450,,671115,CTG,True,0,stop_codon,671115,CTG,0.64,False,WP_048169727.1,1,91.463,671115,CTG,671115,CTG,現行アノテーションを支持
MA_RS03250,,726759,ATC,True,0,neighbor_gene,726759,ATC,0.88,False,WP_048142123.1,22,85.915,726759,ATC,726759,ATC,現行アノテーションを支持
MA_RS03265,MA_0620,730368,ATC,True,0,stop_codon,730368,ATC,0.85,False,WP_048143651.1,1,79.848,730368,ATC,730368,ATC,現行アノテーションを支持
MA_RS03345,MA_0637,749592,ATA,True,0,stop_codon,749592,ATA,3.31,True,WP_048169875.1,12,83.862,749592,ATA,749592,ATA,現行アノテーションを支持
MA_RS03445,MA_0655,771519,ATA,True,0,stop_codon,771519,ATA,1.3,False,WP_048174470.1,1,95.876,771519,ATA,771519,ATA,現行アノテーションを支持
MA_RS29700,,903121,CTG,True,0,stop_codon,903121,CTG,1.05,False,WP_052712925.1,1,43.478,903121,CTG,903121,CTG,現行アノテーションを支持
MA_RS04115,MA_0787,919641,ATC,True,0,stop_codon,919641,ATC,1.0,False,WP_048170125.1,1,94.393,919641,ATC,919641,ATC,現行アノテーションを支持
MA_RS04510,MA_0866,1028464,ATT,True,0,stop_codon,1028464,ATT,2.85,False,WP_082088873.1,1,98.204,1028464,ATT,1028464,ATT,現行アノテーションを支持
MA_RS04660,MA_0895,1072160,CTG,True,0,stop_codon,1072160,CTG,1.35,False,WP_080929504.1,1,96.33,1072160,CTG,1072160,CTG,現行アノテーションを支持
MA_RS04940,MA_0950,1130084,ATA,True,0,stop_codon,1130084,ATA,1.08,False,WP_048170364.1,1,96.591,1130084,ATA,1130084,ATA,現行アノテーションを支持
MA_RS04980,MA_0958,1142634,ATA,True,0,stop_codon,1142634,ATA,1.5,False,WP_082088878.1,1,92.989,1142634,ATA,1142634,ATA,現行アノテーションを支持
MA_RS29735,,1248532,ATC,True,0,stop_codon,1248532,ATC,1.62,False,WP_048138836.1,1,94.667,1248532,ATC,1248532,ATC,現行アノテーションを支持
MA_RS06165,MA_1185,1411736,ATA,True,0,stop_codon,1411736,ATA,0.91,False,WP_239451024.1,9,84.416,1411736,ATA,1411736,ATA,現行アノテーションを支持
MA_RS29745,,1554431,CTG,True,0,stop_codon,1554431,CTG,0.94,False,WP_231590425.1,13,87.5,1554431,CTG,1554431,CTG,現行アノテーションを支持
MA_RS29750,,1564898,ATC,True,0,stop_codon,1564898,ATC,0.83,False,WP_394296909.1,20,94.444,1564898,ATC,1564898,ATC,現行アノテーションを支持
MA_RS25190,MA_1337,1602931,ATA,True,0,stop_codon,1602931,ATA,1.5,False,WP_261789147.1,1,95.238,1602931,ATA,1602931,ATA,現行アノテーションを支持
MA_RS07490,MA_1441,1711877,CTG,True,0,stop_codon,1711877,CTG,1.91,False,WP_082088916.1,1,95.522,1711877,CTG,1711877,CTG,現行アノテーションを支持
MA_RS07740,MA_1491,1764621,CTG,True,0,stop_codon,1764621,CTG,1.16,False,WP_048171554.1,2,92.353,1764621,CTG,1764621,CTG,現行アノテーションを支持
MA_RS28515,,1823155,ATC,True,0,stop_codon,1823155,ATC,0.84,False,WP_048172187.1,1,84.127,1823155,ATC,1823155,ATC,現行アノテーションを支持
MA_RS08380,MA_1613,1922058,ATT,True,0,stop_codon,1922058,ATT,1.02,False,WP_231590451.1,1,87.114,1922058,ATT,1922058,ATT,現行アノテーションを支持
MA_RS08745,MA_1686,2023960,ATA,True,0,stop_codon,2023960,ATA,2.04,False,WP_082089028.1,1,95.902,2023960,ATA,2023960,ATA,現行アノテーションを支持
MA_RS25245,MA_1687,2025402,ATA,True,0,stop_codon,2025402,ATA,1.12,False,WP_082089027.1,1,90.61,2025402,ATA,2025402,ATA,現行アノテーションを支持
MA_RS09385,MA_1805,2220385,CTG,True,0,stop_codon,2220385,CTG,1.19,False,WP_082088978.1,1,89.848,2220385,CTG,2220385,CTG,現行アノテーションを支持
MA_RS09525,MA_1831,2251068,ATA,True,0,stop_codon,2251068,ATA,1.55,False,WP_261789134.1,1,97.059,2251068,ATA,2251068,ATA,現行アノテーションを支持
MA_RS25400,MA_1833,2253391,ATT,True,0,stop_codon,2253391,ATT,1.45,False,WP_082088951.1,1,96.33,2253391,ATT,2253391,ATT,現行アノテーションを支持
MA_RS09575,,2262709,ATA,True,0,stop_codon,2262709,ATA,0.87,False,WP_048174617.1,7,76.271,2262709,ATA,2262709,ATA,現行アノテーションを支持
MA_RS09725,MA_1864,2300902,ATT,True,0,stop_codon,2300902,ATT,0.72,False,WP_011032144.1,62,33.721,2300902,ATT,2300902,ATT,現行アノテーションを支持
MA_RS29355,,2344430,ATT,True,0,stop_codon,2344430,ATT,1.94,False,WP_048131895.1,1,59.375,2344430,ATT,2344430,ATT,現行アノテーションを支持
MA_RS25435,MA_1918,2370274,ATA,True,0,neighbor_gene,2370274,ATA,0.87,False,WP_048166746.1,10,36.082,2370274,ATA,2370274,ATA,現行アノテーションを支持
MA_RS10250,MA_1967,2431127,ATT,True,0,stop_codon,2431127,ATT,2.15,False,WP_082088944.1,1,98.855,2431127,ATT,2431127,ATT,現行アノテーションを支持
MA_RS10695,MA_2056,2550188,ATA,True,0,stop_codon,2550188,ATA,0.89,False,WP_048171892.1,1,93.368,2550188,ATA,2550188,ATA,現行アノテーションを支持
MA_RS10980,MA_2115,2619246,ATT,True,0,stop_codon,2619246,ATT,1.42,False,WP_338037943.1,11,78.778,2619246,ATT,2619246,ATT,現行アノテーションを支持
MA_RS25490,MA_2166,2674040,ATA,True,0,stop_codon,2674040,ATA,1.07,False,WP_048172721.1,3,90.0,2674040,ATA,2674040,ATA,現行アノテーションを支持
MA_RS11405,MA_2200,2708830,CTG,True,0,stop_codon,2708830,CTG,1.99,False,WP_394296915.1,1,91.456,2708830,CTG,2708830,CTG,現行アノテーションを支持
MA_RS29645,,2814001,ATA,True,0,stop_codon,2814001,ATA,1.02,False,WP_048139982.1,1,55.696,2814001,ATA,2814001,ATA,現行アノテーションを支持
MA_RS11885,MA_2290,2816246,ATA,True,0,stop_codon,2816246,ATA,1.32,False,WP_048118173.1,7,77.215,2816246,ATA,2816246,ATA,現行アノテーションを支持
MA_RS11915,MA_2294,2822353,ATC,True,0,stop_codon,2822353,ATC,1.57,False,WP_052721622.1,1,84.174,2822353,ATC,2822353,ATC,現行アノテーションを支持
MA_RS26995,MA_2338,2878365,ATC,True,0,stop_codon,2878365,ATC,1.01,False,WP_082088976.1,1,91.379,2878365,ATC,2878365,ATC,現行アノテーションを支持
MA_RS12160,MA_2346,2888933,ATT,True,0,stop_codon,2888933,ATT,2.59,False,WP_082089014.1,1,90.719,2888933,ATT,2888933,ATT,現行アノテーションを支持
MA_RS12340,MA_2379,2943739,ATA,True,0,stop_codon,2943739,ATA,1.24,False,WP_048036835.1,1,80.303,2943739,ATA,2943739,ATA,現行アノテーションを支持
MA_RS24605,MA_2397,2967941,ATA,True,0,stop_codon,2967941,ATA,1.09,False,WP_052721619.1,1,89.969,2967941,ATA,2967941,ATA,現行アノテーションを支持
MA_RS12445,MA_2398,2970898,ATT,True,0,stop_codon,2970898,ATT,1.59,False,WP_048172454.1,1,88.75,2970898,ATT,2970898,ATT,現行アノテーションを支持
MA_RS12485,MA_2406,2979587,ATT,True,0,stop_codon,2979587,ATT,1.44,False,WP_394297487.1,61,50.0,2979587,ATT,2979587,ATT,現行アノテーションを支持
MA_RS12865,MA_2475,3070427,ATC,True,0,stop_codon,3070427,ATC,1.03,False,WP_048140180.1,1,83.251,3070427,ATC,3070427,ATC,現行アノテーションを支持
MA_RS13380,MA_2572,3200285,ATT,True,0,neighbor_gene,3200285,ATT,0.71,False,WP_048173330.1,4,94.277,3200285,ATT,3200285,ATT,現行アノテーションを支持
MA_RS14050,MA_2689,3342554,CTG,True,0,stop_codon,3342554,CTG,4.25,True,WP_148704927.1,1,96.061,3342554,CTG,3342554,CTG,現行アノテーションを支持
MA_RS25650,,3416215,ATC,True,0,stop_codon,3416215,ATC,0.85,False,WP_011035139.1,36,67.01,3416215,ATC,3416215,ATC,現行アノテーションを支持
MA_RS25685,MA_2799,3492840,ATT,True,0,stop_codon,3492840,ATT,0.88,False,WP_226987756.1,9,87.059,3492840,ATT,3492840,ATT,現行アノテーションを支持
MA_RS29670,,3534473,ATC,True,0,stop_codon,3534473,ATC,0.87,False,WP_048138985.1,3,85.714,3534473,ATC,3534473,ATC,現行アノテーションを支持
MA_RS14865,MA_2834,3538685,ATT,True,0,neighbor_gene,3538685,ATT,1.44,False,WP_048140260.1,1,80.826,3538685,ATT,3538685,ATT,現行アノテーションを支持
MA_RS28810,,3559810,CTG,True,0,stop_codon,3559810,CTG,0.81,False,WP_048119238.1,1,64.0,3559810,CTG,3559810,CTG,現行アノテーションを支持
MA_RS15130,MA_2884,3596374,ATA,True,0,stop_codon,3596374,ATA,1.16,False,WP_048173054.1,11,86.301,3596374,ATA,3596374,ATA,現行アノテーションを支持
MA_RS29825,,3681016,ATC,True,0,stop_codon,3681016,ATC,1.07,False,WP_048167513.1,27,80.435,3681016,ATC,3681016,ATC,現行アノテーションを支持
MA_RS28855,,3688785,ATC,True,0,stop_codon,3688785,ATC,1.09,False,WP_052730798.1,2,70.103,3688785,ATC,3688785,ATC,現行アノテーションを支持
MA_RS16245,MA_3104,3859133,ATT,True,0,stop_codon,3859133,ATT,3.12,True,WP_082089014.1,1,93.413,3859133,ATT,3859133,ATT,現行アノテーションを支持
MA_RS29830,,4014198,CTG,True,0,stop_codon,4014198,CTG,1.11,False,WP_048139203.1,6,73.214,4014198,CTG,4014198,CTG,現行アノテーションを支持
MA_RS17315,MA_3314,4088181,ATA,True,0,stop_codon,4088181,ATA,0.97,False,WP_048172784.1,1,93.094,4088181,ATA,4088181,ATA,現行アノテーションを支持
MA_RS29675,,4143302,CTG,True,0,stop_codon,4143302,CTG,0.29,False,,,,,,4143302,CTG,現行アノテーションを支持
MA_RS17850,,4225232,ATC,True,0,stop_codon,4225232,ATC,1.38,False,WP_048123121.1,4,90.361,4225232,ATC,4225232,ATC,現行アノテーションを支持
MA_RS17995,MA_3446,4252153,ATA,True,0,stop_codon,4252153,ATA,1.21,False,WP_048171462.1,1,95.429,4252153,ATA,4252153,ATA,現行アノテーションを支持
MA_RS18420,MA_3526,4361743,ATT,True,0,stop_codon,4361743,ATT,1.12,False,WP_048170757.1,16,87.109,4361743,ATT,4361743,ATT,現行アノテーションを支持
MA_RS18485,MA_3539,4374398,ATC,True,0,stop_codon,4374398,ATC,0.85,False,WP_048170856.1,3,89.349,4374398,ATC,4374398,ATC,現行アノテーションを支持
MA_RS29845,,4416493,ATC,True,0,stop_codon,4416493,ATC,1.24,False,WP_158024244.1,1,59.259,4416493,ATC,4416493,ATC,現行アノテーションを支持
MA_RS25900,MA_3578,4419809,ATT,True,0,stop_codon,4419809,ATT,0.86,False,WP_048170694.1,58,49.038,4419809,ATT,4419809,ATT,現行アノテーションを支持
MA_RS18750,MA_3594,4436002,ATA,True,0,stop_codon,4436002,ATA,6.06,True,WP_082088895.1,1,95.918,4436002,ATA,4436002,ATA,現行アノテーションを支持
MA_RS25905,MA_3620,4464896,CTG,True,0,stop_codon,4464896,CTG,0.73,False,WP_082089237.1,11,91.124,4464896,CTG,4464896,CTG,現行アノテーションを支持
MA_RS18885,MA_3622,4467848,ATT,True,0,neighbor_gene,4467848,ATT,1.6,False,WP_048173413.1,1,96.471,4467848,ATT,4467848,ATT,現行アノテーションを支持
MA_RS19130,MA_3670,4527129,ATC,True,0,stop_codon,4527129,ATC,0.73,False,WP_048041809.1,19,26.198,4527129,ATC,4527129,ATC,現行アノテーションを支持
MA_RS19510,MA_3744,4619561,CTG,True,0,stop_codon,4619561,CTG,1.62,False,WP_048173648.1,1,95.42,4619561,CTG,4619561,CTG,現行アノテーションを支持
MA_RS19760,MA_3793,4680469,ATA,True,0,stop_codon,4680469,ATA,1.21,False,WP_197080379.1,1,98.182,4680469,ATA,4680469,ATA,現行アノテーションを支持
MA_RS29025,MA_3930,4828629,ATA,True,0,stop_codon,4828629,ATA,1.11,False,WP_082089056.1,1,89.372,4828629,ATA,4828629,ATA,現行アノテーションを支持
MA_RS20675,MA_3962,4861925,CTG,True,0,stop_codon,4861925,CTG,0.9,False,WP_394296918.1,1,93.028,4861925,CTG,4861925,CTG,現行アノテーションを支持
MA_RS20805,MA_3988,4893206,ATT,True,0,stop_codon,4893206,ATT,2.21,False,WP_394297487.1,61,50.0,4893206,ATT,4893206,ATT,現行アノテーションを支持
MA_RS20955,MA_4016,4929267,CTG,True,0,stop_codon,4929267,CTG,0.83,False,WP_231589960.1,1,88.557,4929267,CTG,4929267,CTG,現行アノテーションを支持
MA_RS21275,MA_4077,4996134,ATA,True,0,stop_codon,4996134,ATA,1.27,False,WP_197080300.1,1,97.77,4996134,ATA,4996134,ATA,現行アノテーションを支持
MA_RS21410,MA_4103,5027116,ATA,True,0,stop_codon,5027116,ATA,1.08,False,WP_261789154.1,1,98.643,5027116,ATA,5027116,ATA,現行アノテーションを支持
MA_RS29865,MA_4182,5105572,ATA,True,0,stop_codon,5105572,ATA,0.9,False,WP_048174449.1,1,71.111,5105572,ATA,5105572,ATA,現行アノテーションを支持
MA_RS21865,MA_4189,5114839,ATT,True,0,neighbor_gene,5114839,ATT,1.19,False,WP_329957000.1,1,90.761,5114839,ATT,5114839,ATT,現行アノテーションを支持
MA_RS26095,,5155391,ATC,True,0,stop_codon,5155391,ATC,0.93,False,WP_082089067.1,1,98.077,5155391,ATC,5155391,ATC,現行アノテーションを支持
MA_RS22245,,5183037,ATT,True,0,neighbor_gene,5183037,ATT,0.95,False,WP_082089065.1,20,96.689,5183037,ATT,5183037,ATT,現行アノテーションを支持
MA_RS29870,,5200311,CTG,True,0,stop_codon,5200311,CTG,0.97,False,,,,,,5200311,CTG,現行アノテーションを支持
MA_RS26125,MA_4323,5323196,ATA,True,0,stop_codon,5323196,ATA,1.24,False,WP_261788927.1,3,86.765,5323196,ATA,5323196,ATA,現行アノテーションを支持
MA_RS23155,MA_4431,5476154,CTG,True,0,stop_codon,5476154,CTG,2.37,False,WP_394297758.1,6,91.489,5476154,CTG,5476154,CTG,現行アノテーションを支持
MA_RS23425,MA_4489,5536163,ATA,True,0,neighbor_gene,5536163,ATA,0.97,False,WP_048136700.1,1,53.465,5536163,ATA,5536163,ATA,現行アノテーションを支持
