locus_tag,old_locus_tag,current_start_pos,gca_start,gca_extension_valid,gca_extension_check_reason,blast_best_species_hit,blast_pident,rna_step_ratio,weak_evidence_exclude,blast_pident_at_gca,blast_qstart_at_gca,rna_step_ratio_at_gca,orf_valid_at_gca,orf_note,reclassification
MA_RS00145,MA_0029,39249,39162,True,GCA提案がGCFより下流(短縮方向)のため区間チェック対象外,WP_082089098.1,82.366,2.23,False,82.569,1,1.44,True,妥当,中確信度相当に格上げ(新規証拠の片方のみがGCA提案位置を支持)
MA_RS00200,MA_0039,50071,50047,True,妥当(区間にストップコドンなし、開始コドンも正準),WP_048123961.1,87.633,0.93,False,87.633,9,1.04,True,妥当,現行アノテーションを支持のまま(新規証拠はGCA提案位置を支持せず)
MA_RS00220,MA_0043,54803,54809,True,GCA提案がGCFより下流(短縮方向)のため区間チェック対象外,WP_048174355.1,94.903,1.65,False,,,1.7,False,候補位置のコドンが非正準(CTG),現行アノテーションを支持のまま(新規証拠はGCA提案位置を支持せず)
MA_RS00310,MA_0060,70403,70379,True,GCA提案がGCFより下流(短縮方向)のため区間チェック対象外,WP_048172513.1,32.609,0.86,False,32.609,13,0.94,True,妥当,現行アノテーションを支持のまま(新規証拠はGCA提案位置を支持せず)
MA_RS00325,MA_0063,72781,72823,True,妥当(区間にストップコドンなし、開始コドンも正準),WP_048174365.1,97.638,1.13,False,97.638,15,0.84,True,妥当,現行アノテーションを支持のまま(新規証拠はGCA提案位置を支持せず)
MA_RS00400,MA_0077,89654,89765,True,GCA提案がGCFより下流(短縮方向)のため区間チェック対象外,WP_197080313.1,84.337,0.85,False,84.068,1,0.91,True,妥当,中確信度相当に格上げ(新規証拠の片方のみがGCA提案位置を支持)
MA_RS00595,MA_0114,139482,139518,True,GCA提案がGCFより下流(短縮方向)のため区間チェック対象外,WP_048169091.1,95.156,1.3,False,94.946,1,0.93,True,妥当,中確信度相当に格上げ(新規証拠の片方のみがGCA提案位置を支持)
MA_RS00685,MA_0130,156974,157013,True,妥当(区間にストップコドンなし、開始コドンも正準),WP_048174393.1,97.297,1.19,False,96.997,14,1.41,True,妥当,現行アノテーションを支持のまま(新規証拠はGCA提案位置を支持せず)
MA_RS00825,MA_0155,187631,187514,True,GCA提案がGCFより下流(短縮方向)のため区間チェック対象外,WP_048169178.1,90.745,0.71,False,90.347,1,1.32,True,妥当,中確信度相当に格上げ(新規証拠の片方のみがGCA提案位置を支持)
MA_RS00870,MA_0163,193154,193196,True,GCA提案がGCFより下流(短縮方向)のため区間チェック対象外,WP_231590271.1,95.95,25.53,False,95.765,1,1.53,True,妥当,中確信度相当に格上げ(新規証拠の片方のみがGCA提案位置を支持)
MA_RS01025,MA_0190,228483,228474,True,妥当(区間にストップコドンなし、開始コドンも正準),WP_048169233.1,94.231,1.03,False,94.231,4,1.0,True,妥当,現行アノテーションを支持のまま(新規証拠はGCA提案位置を支持せず)
MA_RS01130,MA_0211,256229,256109,True,GCA提案がGCFより下流(短縮方向)のため区間チェック対象外,WP_048174404.1,79.545,0.96,False,78.414,1,0.84,True,妥当,中確信度相当に格上げ(新規証拠の片方のみがGCA提案位置を支持)
MA_RS01195,MA_0222,269016,269097,True,妥当(区間にストップコドンなし、開始コドンも正準),WP_048169276.1,80.456,1.48,False,80.456,28,0.51,True,妥当,現行アノテーションを支持のまま(新規証拠はGCA提案位置を支持せず)
MA_RS01220,MA_0227,273911,273887,True,GCA提案がGCFより下流(短縮方向)のため区間チェック対象外,WP_048172513.1,32.609,0.94,False,32.609,13,1.01,True,妥当,現行アノテーションを支持のまま(新規証拠はGCA提案位置を支持せず)
MA_RS01350,MA_0253,307301,307205,True,GCA提案がGCFより下流(短縮方向)のため区間チェック対象外,WP_231590317.1,92.334,1.01,False,93.173,1,0.85,True,妥当,中確信度相当に格上げ(新規証拠の片方のみがGCA提案位置を支持)
MA_RS01850,MA_0351,419550,419610,True,妥当(区間にストップコドンなし、開始コドンも正準),WP_082089262.1,91.118,1.48,False,90.789,21,1.6,True,妥当,現行アノテーションを支持のまま(新規証拠はGCA提案位置を支持せず)
MA_RS28285,MA_0353,422128,422053,True,GCA提案がGCFより下流(短縮方向)のため区間チェック対象外,WP_048169490.1,74.59,1.19,False,88.776,2,1.04,True,妥当,中確信度相当に格上げ(新規証拠の片方のみがGCA提案位置を支持)
MA_RS01895,MA_0360,427939,427930,True,GCA提案がGCFより下流(短縮方向)のため区間チェック対象外,WP_197078808.1,77.66,0.75,False,,,0.99,False,候補位置のコドンが非正準(ATC),現行アノテーションを支持のまま(新規証拠はGCA提案位置を支持せず)
MA_RS02405,MA_0460,539017,539029,True,GCA提案がGCFより下流(短縮方向)のため区間チェック対象外,WP_048169591.1,93.916,1.71,False,,,1.76,False,候補位置のコドンが非正準(CTG),現行アノテーションを支持のまま(新規証拠はGCA提案位置を支持せず)
MA_RS02480,MA_0474,554618,554684,True,GCA提案がGCFより下流(短縮方向)のため区間チェック対象外,WP_148704756.1,96.786,1.27,False,96.296,1,1.46,True,妥当,中確信度相当に格上げ(新規証拠の片方のみがGCA提案位置を支持)
MA_RS02505,MA_0480,561176,561200,True,妥当(区間にストップコドンなし、開始コドンも正準),WP_231590368.1,87.692,1.12,False,87.692,9,1.15,True,妥当,現行アノテーションを支持のまま(新規証拠はGCA提案位置を支持せず)
MA_RS02590,MA_0497,582219,582003,True,GCA提案がGCFより下流(短縮方向)のため区間チェック対象外,WP_231590375.1,96.842,1.12,False,96.802,1,0.89,True,妥当,中確信度相当に格上げ(新規証拠の片方のみがGCA提案位置を支持)
MA_RS02785,MA_0531,620098,620089,True,妥当(区間にストップコドンなし、開始コドンも正準),WP_048169688.1,97.959,1.19,False,96.939,4,1.33,True,妥当,現行アノテーションを支持のまま(新規証拠はGCA提案位置を支持せず)
MA_RS02930,MA_0557,655226,655538,True,GCA提案がGCFより下流(短縮方向)のため区間チェック対象外,WP_082089107.1,76.944,0.82,False,,,1.17,False,候補位置のコドンが非正準(CTG),現行アノテーションを支持のまま(新規証拠はGCA提案位置を支持せず)
MA_RS03005,MA_0572,676154,676187,True,GCA提案がGCFより下流(短縮方向)のため区間チェック対象外,WP_048142198.1,81.884,1.25,False,83.065,4,0.98,True,妥当,現行アノテーションを支持のまま(新規証拠はGCA提案位置を支持せず)
MA_RS03020,MA_0575,678843,678825,True,妥当(区間にストップコドンなし、開始コドンも正準),WP_048169753.1,96.711,1.12,False,96.711,7,1.15,True,妥当,現行アノテーションを支持のまま(新規証拠はGCA提案位置を支持せず)
MA_RS03465,MA_0659,776411,776384,True,妥当(区間にストップコドンなし、開始コドンも正準),WP_231590392.1,93.379,0.98,False,92.841,1,1.32,True,妥当,中確信度相当に格上げ(新規証拠の片方のみがGCA提案位置を支持)
MA_RS03480,MA_0662,779151,779127,True,妥当(区間にストップコドンなし、開始コドンも正準),WP_048169919.1,98.049,0.72,False,98.049,9,0.84,True,妥当,現行アノテーションを支持のまま(新規証拠はGCA提案位置を支持せず)
MA_RS03485,MA_0663,779770,779761,True,妥当(区間にストップコドンなし、開始コドンも正準),WP_048169921.1,98.98,0.84,False,98.98,4,0.93,True,妥当,現行アノテーションを支持のまま(新規証拠はGCA提案位置を支持せず)
MA_RS03490,MA_0664,780362,780353,True,妥当(区間にストップコドンなし、開始コドンも正準),WP_315968705.1,93.487,1.07,False,93.103,4,1.04,True,妥当,現行アノテーションを支持のまま(新規証拠はGCA提案位置を支持せず)
MA_RS03530,MA_0672,787450,787438,True,GCA提案がGCFより下流(短縮方向)のため区間チェック対象外,WP_226990742.1,100.0,4.92,False,100.0,1,2.62,True,妥当,中確信度相当に格上げ(新規証拠の片方のみがGCA提案位置を支持)
MA_RS03960,MA_0758,877867,877963,True,GCA提案がGCFより下流(短縮方向)のため区間チェック対象外,WP_048170070.1,83.73,1.39,False,83.89,2,0.95,True,妥当,中確信度相当に格上げ(新規証拠の片方のみがGCA提案位置を支持)
MA_RS04100,MA_0783,917382,917292,True,GCA提案がGCFより下流(短縮方向)のため区間チェック対象外,WP_048170117.1,95.467,0.88,False,95.072,1,1.34,True,妥当,中確信度相当に格上げ(新規証拠の片方のみがGCA提案位置を支持)
MA_RS04340,MA_0833,972226,972235,True,妥当(区間にストップコドンなし、開始コドンも正準),WP_048170201.1,96.853,0.7,False,96.853,4,0.64,True,妥当,現行アノテーションを支持のまま(新規証拠はGCA提案位置を支持せず)
MA_RS04395,MA_0843,982633,982543,True,妥当(区間にストップコドンなし、開始コドンも正準),WP_048120112.1,89.937,1.03,False,89.937,31,0.98,True,妥当,現行アノテーションを支持のまま(新規証拠はGCA提案位置を支持せず)
MA_RS04465,MA_0857,1015928,1015874,True,GCA提案がGCFより下流(短縮方向)のため区間チェック対象外,WP_048170225.1,94.953,1.49,False,94.971,1,1.08,True,妥当,中確信度相当に格上げ(新規証拠の片方のみがGCA提案位置を支持)
MA_RS04485,MA_0861,1021908,1021878,True,妥当(区間にストップコドンなし、開始コドンも正準),WP_048170233.1,60.403,0.71,False,60.403,19,1.03,True,妥当,現行アノテーションを支持のまま(新規証拠はGCA提案位置を支持せず)
MA_RS04535,MA_0871,1035734,1035809,True,妥当(区間にストップコドンなし、開始コドンも正準),WP_048174493.1,96.762,0.72,False,96.762,26,0.92,True,妥当,現行アノテーションを支持のまま(新規証拠はGCA提案位置を支持せず)
MA_RS04580,MA_0880,1050588,1050570,True,GCA提案がGCFより下流(短縮方向)のため区間チェック対象外,WP_231590409.1,94.718,0.92,False,94.245,1,0.95,True,妥当,中確信度相当に格上げ(新規証拠の片方のみがGCA提案位置を支持)
MA_RS04685,MA_0902,1080471,1080450,True,GCA提案がGCFより下流(短縮方向)のため区間チェック対象外,WP_011033947.1,96.667,1.06,False,96.262,7,1.15,True,妥当,現行アノテーションを支持のまま(新規証拠はGCA提案位置を支持せず)
MA_RS04845,MA_0934,1113955,1113961,True,妥当(区間にストップコドンなし、開始コドンも正準),WP_048039218.1,91.667,0.52,False,91.667,3,0.51,True,妥当,中確信度相当に格上げ(新規証拠の片方のみがGCA提案位置を支持)
MA_RS04940,MA_0950,1130084,1130081,True,GCA提案がGCFより下流(短縮方向)のため区間チェック対象外,WP_048170364.1,96.591,1.08,False,,,1.09,False,候補位置のコドンが非正準(ATC),現行アノテーションを支持のまま(新規証拠はGCA提案位置を支持せず)
MA_RS05080,MA_0975,1165686,1165692,True,GCA提案がGCFより下流(短縮方向)のため区間チェック対象外,WP_048170477.1,96.491,2.94,False,96.711,1,2.85,True,妥当,中確信度相当に格上げ(新規証拠の片方のみがGCA提案位置を支持)
MA_RS05090,MA_0977,1167535,1167553,True,GCA提案がGCFより下流(短縮方向)のため区間チェック対象外,WP_048120548.1,92.537,1.2,False,97.233,10,1.19,True,妥当,現行アノテーションを支持のまま(新規証拠はGCA提案位置を支持せず)
MA_RS05175,MA_0991,1184234,1184174,True,GCA提案がGCFより下流(短縮方向)のため区間チェック対象外,WP_231589915.1,93.827,0.76,False,92.958,1,1.05,True,妥当,中確信度相当に格上げ(新規証拠の片方のみがGCA提案位置を支持)
MA_RS05530,MA_1061,1271657,1271666,True,妥当(区間にストップコドンなし、開始コドンも正準),WP_148704378.1,29.661,0.75,False,29.661,181,0.78,True,妥当,現行アノテーションを支持のまま(新規証拠はGCA提案位置を支持せず)
MA_RS06165,MA_1185,1411736,1411721,True,GCA提案がGCFより下流(短縮方向)のため区間チェック対象外,WP_239451024.1,84.416,0.91,False,,,0.91,False,候補位置のコドンが非正準(ATA),現行アノテーションを支持のまま(新規証拠はGCA提案位置を支持せず)
MA_RS06465,MA_1245,1484432,1484456,True,妥当(区間にストップコドンなし、開始コドンも正準),WP_082088890.1,99.359,0.81,False,99.359,9,0.88,True,妥当,現行アノテーションを支持のまま(新規証拠はGCA提案位置を支持せず)
MA_RS06535,MA_1260,1501332,1501356,True,妥当(区間にストップコドンなし、開始コドンも正準),WP_048170579.1,99.291,1.07,False,98.582,9,0.99,True,妥当,現行アノテーションを支持のまま(新規証拠はGCA提案位置を支持せず)
MA_RS06545,MA_1262,1503107,1503098,True,GCA提案がGCFより下流(短縮方向)のため区間チェック対象外,WP_390175975.1,97.686,0.82,False,,,0.84,False,候補位置のコドンが非正準(ATC),現行アノテーションを支持のまま(新規証拠はGCA提案位置を支持せず)
MA_RS06610,MA_1273,1520928,1520874,True,妥当(区間にストップコドンなし、開始コドンも正準),WP_082088887.1,94.065,1.01,False,93.769,19,1.02,True,妥当,現行アノテーションを支持のまま(新規証拠はGCA提案位置を支持せず)
MA_RS06740,MA_1299,1559493,1559175,True,GCA提案がGCFより下流(短縮方向)のため区間チェック対象外,WP_231590426.1,93.13,1.14,False,92.232,1,0.97,True,妥当,中確信度相当に格上げ(新規証拠の片方のみがGCA提案位置を支持)
MA_RS06915,MA_1333,1600296,1600374,True,GCA提案がGCFより下流(短縮方向)のため区間チェック対象外,WP_048172462.1,79.048,0.85,False,79.747,1,1.16,True,妥当,中確信度相当に格上げ(新規証拠の片方のみがGCA提案位置を支持)
MA_RS25185,MA_1336,1602564,1602591,True,GCA提案がGCFより下流(短縮方向)のため区間チェック対象外,WP_261789147.1,84.0,1.89,False,85.366,1,1.29,True,妥当,中確信度相当に格上げ(新規証拠の片方のみがGCA提案位置を支持)
MA_RS28500,MA_1420,1688910,1688874,True,GCA提案がGCFより下流(短縮方向)のため区間チェック対象外,WP_082088929.1,91.146,1.33,False,91.219,7,1.24,True,妥当,現行アノテーションを支持のまま(新規証拠はGCA提案位置を支持せず)
MA_RS07595,MA_1464,1731303,1731330,True,GCA提案がGCFより下流(短縮方向)のため区間チェック対象外,WP_048171507.1,87.755,4.15,False,86.232,1,1.51,True,妥当,中確信度相当に格上げ(新規証拠の片方のみがGCA提案位置を支持)
MA_RS07740,MA_1491,1764621,1764585,True,GCA提案がGCFより下流(短縮方向)のため区間チェック対象外,WP_048171554.1,92.353,1.16,False,92.097,1,0.92,True,妥当,中確信度相当に格上げ(新規証拠の片方のみがGCA提案位置を支持)
MA_RS07760,MA_1495,1767327,1767342,True,GCA提案がGCFより下流(短縮方向)のため区間チェック対象外,WP_239451000.1,100.0,1.12,False,100.0,1,1.01,True,妥当,中確信度相当に格上げ(新規証拠の片方のみがGCA提案位置を支持)
MA_RS07780,MA_1499,1769906,1769897,True,妥当(区間にストップコドンなし、開始コドンも正準),WP_048171568.1,97.971,0.97,False,97.971,4,0.85,True,妥当,現行アノテーションを支持のまま(新規証拠はGCA提案位置を支持せず)
MA_RS07865,MA_1515,1792158,1792149,True,妥当(区間にストップコドンなし、開始コドンも正準),WP_369323965.1,78.75,0.98,False,78.75,54,1.03,True,妥当,現行アノテーションを支持のまま(新規証拠はGCA提案位置を支持せず)
MA_RS07945,MA_1530,1809651,1809561,True,GCA提案がGCFより下流(短縮方向)のため区間チェック対象外,WP_048172182.1,86.491,0.74,False,86.828,1,1.2,True,妥当,中確信度相当に格上げ(新規証拠の片方のみがGCA提案位置を支持)
MA_RS07995,MA_1538,1819348,1819363,True,妥当(区間にストップコドンなし、開始コドンも正準),WP_048174681.1,99.02,0.97,False,99.02,6,0.88,True,妥当,現行アノテーションを支持のまま(新規証拠はGCA提案位置を支持せず)
MA_RS08050,MA_1551,1834797,1834899,True,妥当(区間にストップコドンなし、開始コドンも正準),WP_231590509.1,77.876,0.85,False,77.876,39,0.73,True,妥当,現行アノテーションを支持のまま(新規証拠はGCA提案位置を支持せず)
MA_RS08160,MA_1570,1860781,1860913,True,GCA提案がGCFより下流(短縮方向)のため区間チェック対象外,WP_048172241.1,93.96,2.89,False,94.286,1,1.13,True,妥当,中確信度相当に格上げ(新規証拠の片方のみがGCA提案位置を支持)
MA_RS08240,MA_1586,1885744,1885804,True,妥当(区間にストップコドンなし、開始コドンも正準),WP_048171934.1,97.051,0.98,False,97.051,21,1.06,True,妥当,現行アノテーションを支持のまま(新規証拠はGCA提案位置を支持せず)
MA_RS08600,MA_1659,1990762,1990792,True,GCA提案がGCFより下流(短縮方向)のため区間チェック対象外,WP_048139562.1,89.011,1.01,False,,,1.04,False,候補位置のコドンが非正準(ATA),現行アノテーションを支持のまま(新規証拠はGCA提案位置を支持せず)
MA_RS08610,MA_1661,1995881,1995905,True,GCA提案がGCFより下流(短縮方向)のため区間チェック対象外,WP_048139268.1,98.065,1.27,False,97.279,1,1.23,True,妥当,中確信度相当に格上げ(新規証拠の片方のみがGCA提案位置を支持)
MA_RS09085,MA_1750,2104499,2104808,True,GCA提案がGCFより下流(短縮方向)のため区間チェック対象外,WP_048172829.1,94.286,1.29,False,94.309,1,0.98,True,妥当,中確信度相当に格上げ(新規証拠の片方のみがGCA提案位置を支持)
MA_RS09140,MA_1759,2131132,2130919,True,GCA提案がGCFより下流(短縮方向)のため区間チェック対象外,WP_231589809.1,91.264,0.83,False,91.006,1,0.76,True,妥当,中確信度相当に格上げ(新規証拠の片方のみがGCA提案位置を支持)
MA_RS09250,MA_1779,2185637,2185631,True,GCA提案がGCFより下流(短縮方向)のため区間チェック対象外,WP_048140638.1,98.394,0.88,False,98.381,1,0.86,True,妥当,中確信度相当に格上げ(新規証拠の片方のみがGCA提案位置を支持)
MA_RS09630,MA_1847,2279406,2279385,True,GCA提案がGCFより下流(短縮方向)のため区間チェック対象外,WP_048139824.1,88.827,0.67,False,88.319,1,0.68,True,妥当,中確信度相当に格上げ(新規証拠の片方のみがGCA提案位置を支持)
MA_RS09650,MA_1850,2282517,2282526,True,妥当(区間にストップコドンなし、開始コドンも正準),WP_048139816.1,85.533,1.31,False,79.065,1,1.45,True,妥当,中確信度相当に格上げ(新規証拠の片方のみがGCA提案位置を支持)
MA_RS09725,MA_1864,2300902,2300782,True,GCA提案がGCFより下流(短縮方向)のため区間チェック対象外,WP_011032144.1,33.721,0.72,False,33.721,22,1.02,True,妥当,現行アノテーションを支持のまま(新規証拠はGCA提案位置を支持せず)
MA_RS24500,MA_1866,2303333,2303318,True,GCA提案がGCFより下流(短縮方向)のため区間チェック対象外,WP_167829501.1,34.043,1.59,False,34.043,342,1.44,True,妥当,現行アノテーションを支持のまま(新規証拠はGCA提案位置を支持せず)
MA_RS09770,MA_1873,2309699,2309960,True,GCA提案がGCFより下流(短縮方向)のため区間チェック対象外,WP_048171159.1,89.822,1.19,False,88.562,1,1.35,True,妥当,中確信度相当に格上げ(新規証拠の片方のみがGCA提案位置を支持)
MA_RS10030,MA_1924,2376203,2376284,True,GCA提案がGCFより下流(短縮方向)のため区間チェック対象外,WP_449405453.1,88.889,1.84,False,88.889,26,1.34,True,妥当,現行アノテーションを支持のまま(新規証拠はGCA提案位置を支持せず)
MA_RS10140,MA_1945,2402769,2402874,True,GCA提案がGCFより下流(短縮方向)のため区間チェック対象外,WP_052721599.1,87.234,2.35,False,86.64,1,1.17,True,妥当,中確信度相当に格上げ(新規証拠の片方のみがGCA提案位置を支持)
MA_RS10200,MA_1957,2420151,2420127,True,GCA提案がGCFより下流(短縮方向)のため区間チェック対象外,WP_052730925.1,42.051,1.0,False,42.051,99,1.0,True,妥当,現行アノテーションを支持のまま(新規証拠はGCA提案位置を支持せず)
MA_RS10420,MA_2001,2482654,2482567,True,GCA提案がGCFより下流(短縮方向)のため区間チェック対象外,WP_048172938.1,92.219,0.58,False,93.223,2,1.49,True,妥当,中確信度相当に格上げ(新規証拠の片方のみがGCA提案位置を支持)
MA_RS10980,MA_2115,2619246,2619045,True,GCA提案がGCFより下流(短縮方向)のため区間チェック対象外,WP_338037943.1,78.778,1.42,False,88.976,1,0.96,True,妥当,中確信度相当に格上げ(新規証拠の片方のみがGCA提案位置を支持)
MA_RS11105,MA_2137,2640925,2640772,True,GCA提案がGCFより下流(短縮方向)のため区間チェック対象外,WP_048139112.1,80.513,1.08,False,81.026,1,2.69,True,妥当,中確信度相当に格上げ(新規証拠の片方のみがGCA提案位置を支持)
MA_RS11170,MA_2151,2661915,2661909,True,妥当(区間にストップコドンなし、開始コドンも正準),WP_052730860.1,87.259,0.78,False,87.356,1,0.71,True,妥当,中確信度相当に格上げ(新規証拠の片方のみがGCA提案位置を支持)
MA_RS11270,MA_2172,2678446,2678503,True,GCA提案がGCFより下流(短縮方向)のため区間チェック対象外,WP_048172866.1,63.462,0.85,False,64.103,1,0.74,True,妥当,中確信度相当に格上げ(新規証拠の片方のみがGCA提案位置を支持)
MA_RS24570,MA_2196,2702383,2702476,True,GCA提案がGCFより下流(短縮方向)のため区間チェック対象外,WP_148705599.1,86.066,2.07,False,86.813,1,1.09,True,妥当,中確信度相当に格上げ(新規証拠の片方のみがGCA提案位置を支持)
MA_RS11505,MA_2217,2727407,2727569,True,GCA提案がGCFより下流(短縮方向)のため区間チェック対象外,WP_048172263.1,92.994,1.01,False,93.208,1,0.92,True,妥当,中確信度相当に格上げ(新規証拠の片方のみがGCA提案位置を支持)
MA_RS11710,MA_2256,2775217,2775244,True,GCA提案がGCFより下流(短縮方向)のため区間チェック対象外,WP_011035100.1,52.803,0.86,False,53.061,2,0.69,True,妥当,中確信度相当に格上げ(新規証拠の片方のみがGCA提案位置を支持)
MA_RS11760,MA_2265,2786849,2786960,True,GCA提案がGCFより下流(短縮方向)のため区間チェック対象外,WP_239450955.1,83.582,1.42,False,86.585,1,0.92,True,妥当,中確信度相当に格上げ(新規証拠の片方のみがGCA提案位置を支持)
MA_RS11805,MA_4668,2798351,2798384,True,妥当(区間にストップコドンなし、開始コドンも正準),WP_048174673.1,95.588,1.42,False,95.588,12,1.27,True,妥当,現行アノテーションを支持のまま(新規証拠はGCA提案位置を支持せず)
MA_RS11885,MA_2290,2816246,2816228,True,GCA提案がGCFより下流(短縮方向)のため区間チェック対象外,WP_048118173.1,77.215,1.32,False,78.481,1,2.14,True,妥当,中確信度相当に格上げ(新規証拠の片方のみがGCA提案位置を支持)
MA_RS11915,MA_2294,2822353,2822401,True,GCA提案がGCFより下流(短縮方向)のため区間チェック対象外,WP_052721622.1,84.174,1.57,False,84.079,1,1.17,True,妥当,中確信度相当に格上げ(新規証拠の片方のみがGCA提案位置を支持)
MA_RS26995,MA_2338,2878365,2878407,True,GCA提案がGCFより下流(短縮方向)のため区間チェック対象外,WP_082088976.1,91.379,1.01,False,91.176,1,0.89,True,妥当,中確信度相当に格上げ(新規証拠の片方のみがGCA提案位置を支持)
MA_RS12160,MA_2346,2888933,2888882,True,GCA提案がGCFより下流(短縮方向)のため区間チェック対象外,WP_082089014.1,90.719,2.59,False,89.905,1,1.42,True,妥当,中確信度相当に格上げ(新規証拠の片方のみがGCA提案位置を支持)
MA_RS12460,MA_2401,2973692,2973629,True,GCA提案がGCFより下流(短縮方向)のため区間チェック対象外,WP_048172451.1,89.767,3.09,False,92.784,1,1.11,True,妥当,中確信度相当に格上げ(新規証拠の片方のみがGCA提案位置を支持)
MA_RS12475,MA_2404,2975931,2975940,True,GCA提案がGCFより下流(短縮方向)のため区間チェック対象外,WP_231589768.1,90.232,1.12,False,,,1.1,False,候補位置のコドンが非正準(CTG),現行アノテーションを支持のまま(新規証拠はGCA提案位置を支持せず)
MA_RS28665,MA_2466,3061074,3061173,True,妥当(区間にストップコドンなし、開始コドンも正準),WP_011021898.1,61.333,0.89,False,68.269,6,1.16,True,妥当,現行アノテーションを支持のまま(新規証拠はGCA提案位置を支持せず)
MA_RS12900,MA_2481,3078742,3078790,True,妥当(区間にストップコドンなし、開始コドンも正準),WP_048037867.1,36.977,1.04,False,36.977,30,0.89,True,妥当,現行アノテーションを支持のまま(新規証拠はGCA提案位置を支持せず)
MA_RS12950,MA_2490,3088591,3088600,True,妥当(区間にストップコドンなし、開始コドンも正準),WP_048157019.1,86.889,1.02,False,86.889,4,1.04,True,妥当,現行アノテーションを支持のまま(新規証拠はGCA提案位置を支持せず)
MA_RS13225,MA_2543,3163042,3163000,True,GCA提案がGCFより下流(短縮方向)のため区間チェック対象外,WP_048171116.1,86.93,1.27,False,86.349,1,1.08,True,妥当,中確信度相当に格上げ(新規証拠の片方のみがGCA提案位置を支持)
MA_RS13380,MA_2572,3200285,3200276,True,GCA提案がGCFより下流(短縮方向)のため区間チェック対象外,WP_048173330.1,94.277,0.71,False,94.277,1,0.74,True,妥当,中確信度相当に格上げ(新規証拠の片方のみがGCA提案位置を支持)
MA_RS13430,MA_2581,3210990,3210957,True,妥当(区間にストップコドンなし、開始コドンも正準),WP_048045975.1,44.898,1.1,False,,,0.98,True,妥当,現行アノテーションを支持のまま(新規証拠はGCA提案位置を支持せず)
MA_RS13475,MA_2588,3220204,3220102,True,GCA提案がGCFより下流(短縮方向)のため区間チェック対象外,WP_162197631.1,53.153,1.0,False,55.056,1,1.04,True,妥当,中確信度相当に格上げ(新規証拠の片方のみがGCA提案位置を支持)
MA_RS13500,MA_2593,3224470,3224479,True,妥当(区間にストップコドンなし、開始コドンも正準),WP_158024130.1,36.5,0.82,False,36.5,17,0.8,True,妥当,現行アノテーションを支持のまま(新規証拠はGCA提案位置を支持せず)
MA_RS13745,MA_2640,3270322,3270346,True,GCA提案がGCFより下流(短縮方向)のため区間チェック対象外,WP_048172609.1,93.514,0.61,False,93.22,1,1.34,True,妥当,中確信度相当に格上げ(新規証拠の片方のみがGCA提案位置を支持)
MA_RS14035,MA_2688,3339710,3339686,True,GCA提案がGCFより下流(短縮方向)のため区間チェック対象外,WP_048172513.1,32.609,0.97,False,32.609,13,1.01,True,妥当,現行アノテーションを支持のまま(新規証拠はGCA提案位置を支持せず)
MA_RS14050,MA_2689,3342554,3342539,True,GCA提案がGCFより下流(短縮方向)のため区間チェック対象外,WP_148704927.1,96.061,4.25,False,,,2.03,False,候補位置のコドンが非正準(ATA),現行アノテーションを支持のまま(新規証拠はGCA提案位置を支持せず)
MA_RS14060,MA_2690,3343690,3343798,True,GCA提案がGCFより下流(短縮方向)のため区間チェック対象外,WP_048173368.1,95.437,1.81,False,94.898,1,1.32,True,妥当,中確信度相当に格上げ(新規証拠の片方のみがGCA提案位置を支持)
MA_RS14180,MA_2710,3373557,3373797,True,GCA提案がGCFより下流(短縮方向)のため区間チェック対象外,WP_048121533.1,76.596,1.25,False,80.303,1,1.02,True,妥当,中確信度相当に格上げ(新規証拠の片方のみがGCA提案位置を支持)
MA_RS25665,MA_2770,3453640,3453751,True,GCA提案がGCFより下流(短縮方向)のため区間チェック対象外,WP_015411731.1,33.605,1.74,False,33.626,1,1.92,True,妥当,中確信度相当に格上げ(新規証拠の片方のみがGCA提案位置を支持)
MA_RS28220,MA_2778,3463548,3463455,True,GCA提案がGCFより下流(短縮方向)のため区間チェック対象外,WP_048170816.1,75.862,1.36,False,75.862,49,1.18,True,妥当,現行アノテーションを支持のまま(新規証拠はGCA提案位置を支持せず)
MA_RS25685,MA_2799,3492840,3492816,True,GCA提案がGCFより下流(短縮方向)のため区間チェック対象外,WP_226987756.1,87.059,0.88,False,,,1.29,False,候補位置のコドンが非正準(ATA),現行アノテーションを支持のまま(新規証拠はGCA提案位置を支持せず)
MA_RS14820,MA_2827,3529600,3529720,True,GCA提案がGCFより下流(短縮方向)のため区間チェック対象外,WP_048173319.1,90.566,2.32,False,88.889,1,1.13,True,妥当,中確信度相当に格上げ(新規証拠の片方のみがGCA提案位置を支持)
MA_RS14865,MA_2834,3538685,3538709,True,GCA提案がGCFより下流(短縮方向)のため区間チェック対象外,WP_048140260.1,80.826,1.44,False,80.967,1,1.42,True,妥当,中確信度相当に格上げ(新規証拠の片方のみがGCA提案位置を支持)
MA_RS14915,MA_2844,3550490,3550478,True,妥当(区間にストップコドンなし、開始コドンも正準),WP_048174914.1,95.534,1.21,False,95.534,5,1.22,True,妥当,現行アノテーションを支持のまま(新規証拠はGCA提案位置を支持せず)
MA_RS15100,MA_2878,3590806,3590788,True,妥当(区間にストップコドンなし、開始コドンも正準),WP_048174824.1,94.928,1.04,False,94.928,7,1.16,True,妥当,現行アノテーションを支持のまま(新規証拠はGCA提案位置を支持せず)
MA_RS15105,MA_2879,3592050,3592083,True,GCA提案がGCFより下流(短縮方向)のため区間チェック対象外,WP_048173050.1,93.846,1.07,False,,,1.25,False,候補位置のコドンが非正準(ATA),現行アノテーションを支持のまま(新規証拠はGCA提案位置を支持せず)
MA_RS15130,MA_2884,3596374,3596134,True,GCA提案がGCFより下流(短縮方向)のため区間チェック対象外,WP_048173054.1,86.301,1.16,False,88.591,1,0.94,True,妥当,中確信度相当に格上げ(新規証拠の片方のみがGCA提案位置を支持)
MA_RS15220,MA_2903,3626393,3626459,True,GCA提案がGCFより下流(短縮方向)のため区間チェック対象外,WP_069575332.1,58.478,1.69,False,58.657,2,1.35,True,妥当,中確信度相当に格上げ(新規証拠の片方のみがGCA提案位置を支持)
MA_RS15250,MA_2909,3637083,3637089,True,妥当(区間にストップコドンなし、開始コドンも正準),WP_048171361.1,96.436,0.82,False,96.436,3,0.84,True,妥当,中確信度相当に格上げ(新規証拠の片方のみがGCA提案位置を支持)
MA_RS15475,MA_2952,3684520,3684547,True,GCA提案がGCFより下流(短縮方向)のため区間チェック対象外,WP_048143398.1,84.713,1.26,False,85.526,2,1.34,True,妥当,中確信度相当に格上げ(新規証拠の片方のみがGCA提案位置を支持)
MA_RS15520,MA_2961,3694952,3695054,True,GCA提案がGCFより下流(短縮方向)のため区間チェック対象外,WP_269430818.1,95.753,2.09,False,95.868,1,1.04,True,妥当,中確信度相当に格上げ(新規証拠の片方のみがGCA提案位置を支持)
MA_RS15585,MA_2973,3709434,3709377,True,GCA提案がGCFより下流(短縮方向)のため区間チェック対象外,WP_048171680.1,91.25,1.36,False,91.803,1,1.26,True,妥当,中確信度相当に格上げ(新規証拠の片方のみがGCA提案位置を支持)
MA_RS15940,MA_3046,3782562,3782577,True,GCA提案がGCFより下流(短縮方向)のため区間チェック対象外,WP_048173188.1,96.795,7.76,False,96.795,1,2.46,True,妥当,中確信度相当に格上げ(新規証拠の片方のみがGCA提案位置を支持)
MA_RS15960,MA_3050,3787150,3787093,True,妥当(区間にストップコドンなし、開始コドンも正準),WP_052721663.1,98.288,0.98,False,98.288,20,1.12,True,妥当,現行アノテーションを支持のまま(新規証拠はGCA提案位置を支持せず)
MA_RS15995,MA_3058,3799158,3799197,True,妥当(区間にストップコドンなし、開始コドンも正準),WP_048173174.1,92.357,1.59,False,92.357,14,1.4,True,妥当,現行アノテーションを支持のまま(新規証拠はGCA提案位置を支持せず)
MA_RS16040,MA_3067,3808845,3808842,True,GCA提案がGCFより下流(短縮方向)のため区間チェック対象外,WP_048173160.1,93.429,1.27,False,,,1.27,False,候補位置のコドンが非正準(ATT),現行アノテーションを支持のまま(新規証拠はGCA提案位置を支持せず)
MA_RS16110,MA_3081,3822684,3822726,True,GCA提案がGCFより下流(短縮方向)のため区間チェック対象外,WP_048174850.1,90.458,1.0,False,92.308,2,1.52,True,妥当,中確信度相当に格上げ(新規証拠の片方のみがGCA提案位置を支持)
MA_RS16355,MA_3128,3887226,3887214,True,GCA提案がGCFより下流(短縮方向)のため区間チェック対象外,WP_048173487.1,95.303,0.87,False,95.28,1,1.19,True,妥当,中確信度相当に格上げ(新規証拠の片方のみがGCA提案位置を支持)
MA_RS16655,MA_3189,3949954,3949999,True,GCA提案がGCFより下流(短縮方向)のため区間チェック対象外,WP_048143218.1,83.893,0.7,False,84.328,1,0.93,True,妥当,中確信度相当に格上げ(新規証拠の片方のみがGCA提案位置を支持)
MA_RS17150,MA_3287,4056218,4056227,True,妥当(区間にストップコドンなし、開始コドンも正準),WP_048171091.1,96.101,1.16,False,95.872,4,1.19,True,妥当,現行アノテーションを支持のまま(新規証拠はGCA提案位置を支持せず)
MA_RS17155,MA_3288,4057560,4057575,True,妥当(区間にストップコドンなし、開始コドンも正準),WP_231590452.1,97.982,0.83,False,97.982,6,0.91,True,妥当,現行アノテーションを支持のまま(新規証拠はGCA提案位置を支持せず)
MA_RS17285,MA_3309,4082468,4082462,True,妥当(区間にストップコドンなし、開始コドンも正準),WP_048171057.1,95.843,1.03,False,95.843,3,1.04,True,妥当,中確信度相当に格上げ(新規証拠の片方のみがGCA提案位置を支持)
MA_RS17320,MA_3315,4089772,4089913,True,GCA提案がGCFより下流(短縮方向)のため区間チェック対象外,WP_048172787.1,94.815,0.95,False,95.455,1,1.5,True,妥当,中確信度相当に格上げ(新規証拠の片方のみがGCA提案位置を支持)
MA_RS17535,MA_3359,4148698,4148665,True,GCA提案がGCFより下流(短縮方向)のため区間チェック対象外,WP_011034000.1,48.266,0.59,False,,,0.78,False,候補位置のコドンが非正準(ATC),現行アノテーションを支持のまま(新規証拠はGCA提案位置を支持せず)
MA_RS17560,MA_3365,4153088,4153235,True,GCA提案がGCFより下流(短縮方向)のため区間チェック対象外,WP_048172654.1,90.099,1.47,False,90.351,1,0.9,True,妥当,中確信度相当に格上げ(新規証拠の片方のみがGCA提案位置を支持)
MA_RS17695,MA_3391,4192845,4192866,True,GCA提案がGCFより下流(短縮方向)のため区間チェック対象外,WP_048173101.1,93.333,0.93,False,92.857,1,1.02,True,妥当,中確信度相当に格上げ(新規証拠の片方のみがGCA提案位置を支持)
MA_RS17835,MA_3415,4221142,4220974,True,GCA提案がGCFより下流(短縮方向)のため区間チェック対象外,WP_048172295.1,86.818,2.13,False,83.537,1,0.77,True,妥当,中確信度相当に格上げ(新規証拠の片方のみがGCA提案位置を支持)
MA_RS17840,MA_3416,4222013,4221908,True,GCA提案がGCFより下流(短縮方向)のため区間チェック対象外,WP_048172299.1,99.015,1.1,False,98.81,1,1.19,True,妥当,中確信度相当に格上げ(新規証拠の片方のみがGCA提案位置を支持)
MA_RS17860,MA_3420,4226798,4226765,True,GCA提案がGCFより下流(短縮方向)のため区間チェック対象外,WP_048138432.1,91.919,1.28,False,92.045,1,1.16,True,妥当,中確信度相当に格上げ(新規証拠の片方のみがGCA提案位置を支持)
MA_RS18040,MA_3454,4262825,4262864,True,妥当(区間にストップコドンなし、開始コドンも正準),WP_048140215.1,88.492,0.85,False,88.492,14,0.83,True,妥当,現行アノテーションを支持のまま(新規証拠はGCA提案位置を支持せず)
MA_RS18210,MA_3484,4310972,4310843,True,GCA提案がGCFより下流(短縮方向)のため区間チェック対象外,WP_231589848.1,90.173,1.2,False,87.692,1,1.03,True,妥当,中確信度相当に格上げ(新規証拠の片方のみがGCA提案位置を支持)
MA_RS18420,MA_3526,4361743,4361698,True,GCA提案がGCFより下流(短縮方向)のため区間チェック対象外,WP_048170757.1,87.109,1.12,False,87.109,1,1.14,True,妥当,中確信度相当に格上げ(新規証拠の片方のみがGCA提案位置を支持)
MA_RS18485,MA_3539,4374398,4374404,True,GCA提案がGCFより下流(短縮方向)のため区間チェック対象外,WP_048170856.1,89.349,0.85,False,88.757,1,0.83,True,妥当,中確信度相当に格上げ(新規証拠の片方のみがGCA提案位置を支持)
MA_RS18540,MA_3550,4388484,4388466,True,GCA提案がGCFより下流(短縮方向)のため区間チェック対象外,WP_048170629.1,95.96,1.17,False,95.96,1,1.12,True,妥当,中確信度相当に格上げ(新規証拠の片方のみがGCA提案位置を支持)
MA_RS18620,MA_3566,4410110,4410107,True,GCA提案がGCFより下流(短縮方向)のため区間チェック対象外,WP_048170668.1,97.033,22.4,False,,,20.44,False,候補位置のコドンが非正準(ATC),現行アノテーションを支持のまま(新規証拠はGCA提案位置を支持せず)
MA_RS25900,MA_3578,4419809,4419917,True,GCA提案がGCFより下流(短縮方向)のため区間チェック対象外,WP_048170694.1,49.038,0.86,False,49.038,22,0.64,True,妥当,現行アノテーションを支持のまま(新規証拠はGCA提案位置を支持せず)
MA_RS18750,MA_3594,4436002,4436008,True,GCA提案がGCFより下流(短縮方向)のため区間チェック対象外,WP_082088895.1,95.918,6.06,False,96.875,1,5.02,True,妥当,高確信度相当に格上げ(新規BLAST・RNA-seq証拠の両方がGCA提案位置を支持)
MA_RS18865,MA_3618,4463411,4463375,True,GCA提案がGCFより下流(短縮方向)のため区間チェック対象外,WP_048173417.1,84.793,1.73,False,84.878,1,1.08,True,妥当,中確信度相当に格上げ(新規証拠の片方のみがGCA提案位置を支持)
MA_RS25905,MA_3620,4464896,4464650,True,GCA提案がGCFより下流(短縮方向)のため区間チェック対象外,WP_082089237.1,91.124,0.73,False,94.845,1,0.81,True,妥当,中確信度相当に格上げ(新規証拠の片方のみがGCA提案位置を支持)
MA_RS18885,MA_3622,4467848,4467632,True,GCA提案がGCFより下流(短縮方向)のため区間チェック対象外,WP_048173413.1,96.471,1.6,False,97.159,2,0.63,True,妥当,中確信度相当に格上げ(新規証拠の片方のみがGCA提案位置を支持)
MA_RS18980,MA_3641,4488896,4488983,True,GCA提案がGCFより下流(短縮方向)のため区間チェック対象外,WP_048173395.1,98.315,1.18,False,98.165,1,1.15,True,妥当,中確信度相当に格上げ(新規証拠の片方のみがGCA提案位置を支持)
MA_RS19105,MA_3665,4520309,4520246,True,GCA提案がGCFより下流(短縮方向)のため区間チェック対象外,WP_048168177.1,27.671,1.05,False,27.671,22,1.06,True,妥当,現行アノテーションを支持のまま(新規証拠はGCA提案位置を支持せず)
MA_RS19130,MA_3670,4527129,4527093,True,GCA提案がGCFより下流(短縮方向)のため区間チェック対象外,WP_048041809.1,26.198,0.73,False,26.198,7,1.17,True,妥当,現行アノテーションを支持のまま(新規証拠はGCA提案位置を支持せず)
MA_RS19170,MA_3678,4534112,4534241,True,GCA提案がGCFより下流(短縮方向)のため区間チェック対象外,WP_048173594.1,95.131,0.86,False,94.643,1,0.91,True,妥当,中確信度相当に格上げ(新規証拠の片方のみがGCA提案位置を支持)
MA_RS19300,MA_3704,4580938,4580986,True,GCA提案がGCFより下流(短縮方向)のため区間チェック対象外,WP_048173611.1,92.745,3.13,False,92.53,1,1.27,True,妥当,中確信度相当に格上げ(新規証拠の片方のみがGCA提案位置を支持)
MA_RS19370,MA_3717,4597864,4597873,True,妥当(区間にストップコドンなし、開始コドンも正準),WP_048173623.1,93.293,1.05,False,93.293,4,1.03,True,妥当,現行アノテーションを支持のまま(新規証拠はGCA提案位置を支持せず)
MA_RS19400,MA_3723,4602144,4602189,True,GCA提案がGCFより下流(短縮方向)のため区間チェック対象外,WP_231589937.1,93.291,1.7,False,92.953,1,1.3,True,妥当,中確信度相当に格上げ(新規証拠の片方のみがGCA提案位置を支持)
MA_RS19470,MA_3735,4611915,4611897,True,妥当(区間にストップコドンなし、開始コドンも正準),WP_048065787.1,100.0,1.13,False,100.0,7,1.09,True,妥当,現行アノテーションを支持のまま(新規証拠はGCA提案位置を支持せず)
MA_RS19485,MA_3739,4613372,4613540,True,GCA提案がGCFより下流(短縮方向)のため区間チェック対象外,WP_052721703.1,94.53,0.98,False,94.015,1,1.13,True,妥当,中確信度相当に格上げ(新規証拠の片方のみがGCA提案位置を支持)
MA_RS19490,MA_3740,4614881,4614905,True,GCA提案がGCFより下流(短縮方向)のため区間チェック対象外,WP_048173644.1,93.013,1.22,False,,,1.1,False,候補位置のコドンが非正準(ATA),現行アノテーションを支持のまま(新規証拠はGCA提案位置を支持せず)
MA_RS19760,MA_3793,4680469,4680433,True,GCA提案がGCFより下流(短縮方向)のため区間チェック対象外,WP_197080379.1,98.182,1.21,False,98.137,1,1.33,True,妥当,中確信度相当に格上げ(新規証拠の片方のみがGCA提案位置を支持)
MA_RS19950,MA_3829,4711473,4711506,True,妥当(区間にストップコドンなし、開始コドンも正準),WP_048142015.1,58.96,0.93,False,58.488,4,0.57,True,妥当,現行アノテーションを支持のまま(新規証拠はGCA提案位置を支持せず)
MA_RS20210,MA_3875,4760772,4760748,True,GCA提案がGCFより下流(短縮方向)のため区間チェック対象外,WP_048173706.1,93.427,1.41,False,93.171,1,1.43,True,妥当,中確信度相当に格上げ(新規証拠の片方のみがGCA提案位置を支持)
MA_RS20300,MA_3889,4782554,4782635,True,GCA提案がGCFより下流(短縮方向)のため区間チェック対象外,WP_048173720.1,94.788,1.6,False,95.0,1,1.29,True,妥当,中確信度相当に格上げ(新規証拠の片方のみがGCA提案位置を支持)
MA_RS20385,MA_3905,4801166,4801160,True,妥当(区間にストップコドンなし、開始コドンも正準),WP_048173733.1,96.78,1.25,False,96.78,3,1.21,True,妥当,中確信度相当に格上げ(新規証拠の片方のみがGCA提案位置を支持)
MA_RS20450,MA_3917,4815571,4815556,True,妥当(区間にストップコドンなし、開始コドンも正準),WP_048173744.1,96.222,0.86,False,96.222,6,0.77,True,妥当,現行アノテーションを支持のまま(新規証拠はGCA提案位置を支持せず)
MA_RS29025,MA_3930,4828629,4828578,True,GCA提案がGCFより下流(短縮方向)のため区間チェック対象外,WP_082089056.1,89.372,1.11,False,89.474,1,0.99,True,妥当,中確信度相当に格上げ(新規証拠の片方のみがGCA提案位置を支持)
MA_RS20670,MA_3961,4859010,4859112,True,GCA提案がGCFより下流(短縮方向)のため区間チェック対象外,WP_197080296.1,93.069,0.94,False,92.969,1,1.3,True,妥当,中確信度相当に格上げ(新規証拠の片方のみがGCA提案位置を支持)
MA_RS20675,MA_3962,4861925,4861673,True,GCA提案がGCFより下流(短縮方向)のため区間チェック対象外,WP_394296918.1,93.028,0.9,False,93.6,1,1.0,True,妥当,中確信度相当に格上げ(新規証拠の片方のみがGCA提案位置を支持)
MA_RS20740,MA_3975,4877571,4876674,True,妥当(区間にストップコドンなし、開始コドンも正準),WP_231589957.1,95.398,1.07,False,82.75,36,1.66,True,妥当,現行アノテーションを支持のまま(新規証拠はGCA提案位置を支持せず)
MA_RS20745,MA_3976,4879279,4879225,True,妥当(区間にストップコドンなし、開始コドンも正準),WP_048173784.1,92.912,1.14,False,92.912,19,0.96,True,妥当,現行アノテーションを支持のまま(新規証拠はGCA提案位置を支持せず)
MA_RS20805,MA_3988,4893206,4893179,True,GCA提案がGCFより下流(短縮方向)のため区間チェック対象外,WP_394297487.1,50.0,2.21,False,50.0,52,1.38,True,妥当,現行アノテーションを支持のまま(新規証拠はGCA提案位置を支持せず)
MA_RS20845,MA_3995,4901059,4901068,True,妥当(区間にストップコドンなし、開始コドンも正準),WP_048175040.1,93.413,1.3,False,92.814,4,1.24,True,妥当,現行アノテーションを支持のまま(新規証拠はGCA提案位置を支持せず)
MA_RS21065,MA_4035,4953092,4952909,True,GCA提案がGCFより下流(短縮方向)のため区間チェック対象外,WP_231589974.1,95.703,3.17,False,95.413,1,0.79,True,妥当,中確信度相当に格上げ(新規証拠の片方のみがGCA提案位置を支持)
MA_RS21125,MA_4047,4964806,4964851,True,GCA提案がGCFより下流(短縮方向)のため区間チェック対象外,WP_048173839.1,85.99,1.02,False,87.023,2,0.96,True,妥当,中確信度相当に格上げ(新規証拠の片方のみがGCA提案位置を支持)
MA_RS21140,MA_4050,4969622,4969583,True,GCA提案がGCFより下流(短縮方向)のため区間チェック対象外,WP_048173841.1,98.024,0.75,False,97.984,1,0.94,True,妥当,中確信度相当に格上げ(新規証拠の片方のみがGCA提案位置を支持)
MA_RS21240,MA_4070,4989218,4989248,True,GCA提案がGCFより下流(短縮方向)のため区間チェック対象外,WP_048173858.1,98.165,1.32,False,98.99,1,1.48,True,妥当,中確信度相当に格上げ(新規証拠の片方のみがGCA提案位置を支持)
MA_RS21275,MA_4077,4996134,4995855,True,GCA提案がGCFより下流(短縮方向)のため区間チェック対象外,WP_197080300.1,97.77,1.27,False,98.163,1,0.93,True,妥当,中確信度相当に格上げ(新規証拠の片方のみがGCA提案位置を支持)
MA_RS21280,MA_4078,4998629,4998575,True,GCA提案がGCFより下流(短縮方向)のため区間チェック対象外,WP_048173991.1,90.264,0.8,False,89.872,1,0.9,True,妥当,中確信度相当に格上げ(新規証拠の片方のみがGCA提案位置を支持)
MA_RS21340,MA_4089,5012185,5012218,True,GCA提案がGCFより下流(短縮方向)のため区間チェック対象外,WP_048173979.1,95.902,1.09,False,96.396,1,1.03,True,妥当,中確信度相当に格上げ(新規証拠の片方のみがGCA提案位置を支持)
MA_RS21410,MA_4103,5027116,5027110,True,GCA提案がGCFより下流(短縮方向)のため区間チェック対象外,WP_261789154.1,98.643,1.08,False,98.63,1,0.99,True,妥当,中確信度相当に格上げ(新規証拠の片方のみがGCA提案位置を支持)
MA_RS21630,MA_4147,5062220,5062247,True,GCA提案がGCFより下流(短縮方向)のため区間チェック対象外,WP_048173955.1,94.291,2.04,False,94.389,1,1.39,True,妥当,中確信度相当に格上げ(新規証拠の片方のみがGCA提案位置を支持)
MA_RS21745,MA_4166,5086340,5086373,True,GCA提案がGCFより下流(短縮方向)のため区間チェック対象外,WP_231590002.1,96.264,0.42,False,97.072,1,1.2,True,妥当,中確信度相当に格上げ(新規証拠の片方のみがGCA提案位置を支持)
MA_RS21780,MA_4173,5096138,5096189,True,GCA提案がGCFより下流(短縮方向)のため区間チェック対象外,WP_048123708.1,80.165,1.14,False,78.846,1,1.07,True,妥当,中確信度相当に格上げ(新規証拠の片方のみがGCA提案位置を支持)
MA_RS21795,MA_4176,5100180,5100237,True,GCA提案がGCFより下流(短縮方向)のため区間チェック対象外,WP_048175075.1,98.611,1.3,False,98.513,1,1.33,True,妥当,中確信度相当に格上げ(新規証拠の片方のみがGCA提案位置を支持)
MA_RS21865,MA_4189,5114839,5114797,True,GCA提案がGCFより下流(短縮方向)のため区間チェック対象外,WP_329957000.1,90.761,1.19,False,,,1.65,False,候補位置のコドンが非正準(CTG),現行アノテーションを支持のまま(新規証拠はGCA提案位置を支持せず)
MA_RS21965,MA_4208,5132369,5132378,True,GCA提案がGCFより下流(短縮方向)のため区間チェック対象外,WP_048173911.1,97.391,1.3,False,97.321,1,1.2,True,妥当,中確信度相当に格上げ(新規証拠の片方のみがGCA提案位置を支持)
MA_RS22070,MA_4226,5149194,5149329,True,GCA提案がGCFより下流(短縮方向)のため区間チェック対象外,WP_231589986.1,93.75,1.15,False,93.839,1,1.03,True,妥当,中確信度相当に格上げ(新規証拠の片方のみがGCA提案位置を支持)
MA_RS22100,MA_4232,5156819,5156792,True,GCA提案がGCFより下流(短縮方向)のため区間チェック対象外,WP_048173898.1,93.955,2.76,False,93.557,1,1.76,True,妥当,中確信度相当に格上げ(新規証拠の片方のみがGCA提案位置を支持)
MA_RS22365,MA_4284,5208153,5208168,True,GCA提案がGCFより下流(短縮方向)のため区間チェック対象外,WP_048173993.1,91.652,0.84,False,91.531,1,1.19,True,妥当,中確信度相当に格上げ(新規証拠の片方のみがGCA提案位置を支持)
MA_RS22455,MA_4301,5273285,5273339,True,GCA提案がGCFより下流(短縮方向)のため区間チェック対象外,WP_231590037.1,93.251,1.78,False,93.37,5,3.23,True,妥当,中確信度相当に格上げ(新規証拠の片方のみがGCA提案位置を支持)
MA_RS22720,MA_4347,5353314,5353206,True,GCA提案がGCFより下流(短縮方向)のため区間チェック対象外,WP_232316218.1,79.439,0.69,False,80.899,1,1.41,True,妥当,中確信度相当に格上げ(新規証拠の片方のみがGCA提案位置を支持)
MA_RS23050,MA_4409,5442924,5442900,True,妥当(区間にストップコドンなし、開始コドンも正準),WP_187151821.1,98.537,1.01,False,98.537,9,1.04,True,妥当,現行アノテーションを支持のまま(新規証拠はGCA提案位置を支持せず)
MA_RS23120,MA_4424,5469998,5469938,True,GCA提案がGCFより下流(短縮方向)のため区間チェック対象外,WP_048169468.1,41.971,1.31,False,42.072,291,1.09,True,妥当,現行アノテーションを支持のまま(新規証拠はGCA提案位置を支持せず)
MA_RS23320,MA_4466,5517084,5517015,True,妥当(区間にストップコドンなし、開始コドンも正準),WP_048174231.1,96.564,1.01,False,96.22,24,1.15,True,妥当,現行アノテーションを支持のまま(新規証拠はGCA提案位置を支持せず)
MA_RS29120,MA_4468,5518498,5518639,True,GCA提案がGCFより下流(短縮方向)のため区間チェック対象外,WP_204245369.1,58.523,0.81,False,53.488,1,1.2,True,妥当,中確信度相当に格上げ(新規証拠の片方のみがGCA提案位置を支持)
MA_RS23390,MA_4482,5531544,5531469,True,GCA提案がGCFより下流(短縮方向)のため区間チェック対象外,WP_232316163.1,79.839,1.11,False,87.611,1,0.74,True,妥当,中確信度相当に格上げ(新規証拠の片方のみがGCA提案位置を支持)
MA_RS23420,MA_4488,5535531,5535558,True,GCA提案がGCFより下流(短縮方向)のため区間チェック対象外,WP_048174319.1,93.137,0.96,False,92.821,1,1.01,True,妥当,中確信度相当に格上げ(新規証拠の片方のみがGCA提案位置を支持)
MA_RS23425,MA_4489,5536163,5536175,True,GCA提案がGCFより下流(短縮方向)のため区間チェック対象外,WP_048136700.1,53.465,0.97,False,53.03,1,1.11,True,妥当,中確信度相当に格上げ(新規証拠の片方のみがGCA提案位置を支持)
MA_RS23470,MA_4499,5542381,5542444,True,GCA提案がGCFより下流(短縮方向)のため区間チェック対象外,WP_048174313.1,61.803,1.07,False,60.648,1,1.01,True,妥当,中確信度相当に格上げ(新規証拠の片方のみがGCA提案位置を支持)
MA_RS23625,MA_4531,5579431,5579089,True,GCA提案がGCFより下流(短縮方向)のため区間チェック対象外,WP_048174286.1,93.333,1.46,False,91.589,1,0.53,True,妥当,中確信度相当に格上げ(新規証拠の片方のみがGCA提案位置を支持)
MA_RS23630,MA_4532,5580386,5580380,True,GCA提案がGCFより下流(短縮方向)のため区間チェック対象外,WP_048174285.1,98.462,0.98,False,,,0.92,False,候補位置のコドンが非正準(CTG),現行アノテーションを支持のまま(新規証拠はGCA提案位置を支持せず)
MA_RS23820,MA_4569,5629541,5629529,True,GCA提案がGCFより下流(短縮方向)のため区間チェック対象外,WP_048174250.1,95.785,0.89,False,95.753,1,0.9,True,妥当,中確信度相当に格上げ(新規証拠の片方のみがGCA提案位置を支持)
MA_RS23870,MA_4578,5641071,5641101,True,妥当(区間にストップコドンなし、開始コドンも正準),WP_048174240.1,60.518,0.94,False,60.518,11,0.85,True,妥当,現行アノテーションを支持のまま(新規証拠はGCA提案位置を支持せず)
MA_RS24000,MA_4599,5676449,5676455,True,妥当(区間にストップコドンなし、開始コドンも正準),WP_048169016.1,97.81,1.12,False,97.81,3,1.22,True,妥当,中確信度相当に格上げ(新規証拠の片方のみがGCA提案位置を支持)
MA_RS24010,MA_4601,5679218,5679245,True,妥当(区間にストップコドンなし、開始コドンも正準),WP_231590222.1,95.883,1.19,False,95.883,10,1.01,True,妥当,現行アノテーションを支持のまま(新規証拠はGCA提案位置を支持せず)
MA_RS24100,MA_4618,5699337,5698953,True,妥当(区間にストップコドンなし、開始コドンも正準),WP_048174389.1,95.277,1.23,False,95.277,129,0.88,True,妥当,現行アノテーションを支持のまま(新規証拠はGCA提案位置を支持せず)
MA_RS24160,MA_4630,5714019,5714028,True,妥当(区間にストップコドンなし、開始コドンも正準),WP_048168982.1,95.561,1.01,False,95.561,4,1.01,True,妥当,現行アノテーションを支持のまま(新規証拠はGCA提案位置を支持せず)
