locus_tag,old_locus_tag,current_start_pos,single_evidence_source,single_evidence_pos,gca_start,gca_agrees_with,revised_confidence
MA_RS00050,MA_0011,17538,BLAST,17559,17559,BLASTと一致,高確信度相当(格上げ): BLAST+GCA旧アノテーションの2系統一致
MA_RS00065,MA_0014,21523,BLAST,21529,21529,BLAST・RNA-seq両方と一致,高確信度相当(格上げ): BLAST+GCA旧アノテーションの2系統一致
MA_RS00075,MA_0016,23492,BLAST,23522,23522,BLAST・RNA-seq両方と一致,高確信度相当(格上げ): BLAST+GCA旧アノテーションの2系統一致
MA_RS00095,MA_0019,25854,BLAST,25764,25764,BLAST・RNA-seq両方と一致,高確信度相当(格上げ): BLAST+GCA旧アノテーションの2系統一致
MA_RS00105,MA_0021,28677,BLAST,28662,28662,BLAST・RNA-seq両方と一致,高確信度相当(格上げ): BLAST+GCA旧アノテーションの2系統一致
MA_RS00110,MA_0022,30256,BLAST,30217,30217,BLASTと一致,高確信度相当(格上げ): BLAST+GCA旧アノテーションの2系統一致
MA_RS00190,MA_0037,47351,BLAST,47306,47306,BLAST・RNA-seq両方と一致,高確信度相当(格上げ): BLAST+GCA旧アノテーションの2系統一致
MA_RS00290,MA_0056,68403,BLAST,68286,68394,いずれとも異なる(第3の候補),中確信度: 上流への延長の可能性(片方の証拠のみ)
MA_RS00295,MA_0057,68676,BLAST,68667,68667,BLASTと一致,高確信度相当(格上げ): BLAST+GCA旧アノテーションの2系統一致
MA_RS00300,MA_0058,68950,BLAST,68941,68941,BLAST・RNA-seq両方と一致,高確信度相当(格上げ): BLAST+GCA旧アノテーションの2系統一致
MA_RS00305,MA_0059,69214,BLAST,69205,69205,BLAST・RNA-seq両方と一致,高確信度相当(格上げ): BLAST+GCA旧アノテーションの2系統一致
MA_RS00315,MA_0061,71146,BLAST,71347,71347,BLASTと一致,高確信度相当(格上げ): BLAST+GCA旧アノテーションの2系統一致
MA_RS00355,MA_0069,80597,BLAST,80603,80603,BLAST・RNA-seq両方と一致,高確信度相当(格上げ): BLAST+GCA旧アノテーションの2系統一致
MA_RS00380,MA_0074,85487,BLAST,85394,85394,BLAST・RNA-seq両方と一致,高確信度相当(格上げ): BLAST+GCA旧アノテーションの2系統一致
MA_RS00390,MA_0076,88183,BLAST,88156,88156,BLAST・RNA-seq両方と一致,高確信度相当(格上げ): BLAST+GCA旧アノテーションの2系統一致
MA_RS24315,MA_0079,92000,BLAST,91916,91916,BLASTと一致,高確信度相当(格上げ): BLAST+GCA旧アノテーションの2系統一致
MA_RS00420,MA_0081,97563,BLAST,97554,97659,いずれとも異なる(第3の候補),中確信度: 上流への延長の可能性(片方の証拠のみ)
MA_RS00430,MA_0084,104516,BLAST,104570,104570,BLASTと一致,高確信度相当(格上げ): BLAST+GCA旧アノテーションの2系統一致
MA_RS00445,MA_0087,109126,BLAST,109117,109117,BLAST・RNA-seq両方と一致,高確信度相当(格上げ): BLAST+GCA旧アノテーションの2系統一致
MA_RS00450,MA_0088,110763,BLAST,110727,110727,BLAST・RNA-seq両方と一致,高確信度相当(格上げ): BLAST+GCA旧アノテーションの2系統一致
MA_RS00455,MA_0089,112200,BLAST,112209,112209,BLASTと一致,高確信度相当(格上げ): BLAST+GCA旧アノテーションの2系統一致
MA_RS00535,MA_0102,127336,BLAST,127318,127318,BLASTと一致,高確信度相当(格上げ): BLAST+GCA旧アノテーションの2系統一致
MA_RS00545,MA_0103,129463,BLAST,129547,129547,BLASTと一致,高確信度相当(格上げ): BLAST+GCA旧アノテーションの2系統一致
MA_RS00560,MA_0106,132513,BLAST,132456,132456,BLASTと一致,高確信度相当(格上げ): BLAST+GCA旧アノテーションの2系統一致
MA_RS00570,MA_0108,135133,BLAST,135106,135106,BLAST・RNA-seq両方と一致,高確信度相当(格上げ): BLAST+GCA旧アノテーションの2系統一致
MA_RS00615,MA_0118,143543,BLAST,143546,143546,BLAST・RNA-seq両方と一致,高確信度相当(格上げ): BLAST+GCA旧アノテーションの2系統一致
MA_RS00620,MA_0119,144711,BLAST,144741,144741,BLASTと一致,高確信度相当(格上げ): BLAST+GCA旧アノテーションの2系統一致
MA_RS00630,MA_0120,146253,BLAST,146262,146379,いずれとも異なる(第3の候補),中確信度: 上流への延長の可能性(片方の証拠のみ)
MA_RS00640,MA_0122,147571,BLAST,147568,147568,BLAST・RNA-seq両方と一致,高確信度相当(格上げ): BLAST+GCA旧アノテーションの2系統一致
MA_RS00655,MA_0125,151346,BLAST,151304,151394,いずれとも異なる(第3の候補),中確信度: 上流への延長の可能性(片方の証拠のみ)
MA_RS00735,MA_0140,167353,BLAST,167344,167344,BLASTと一致,高確信度相当(格上げ): BLAST+GCA旧アノテーションの2系統一致
MA_RS00845,MA_0158,189736,BLAST,189727,189727,BLAST・RNA-seq両方と一致,高確信度相当(格上げ): BLAST+GCA旧アノテーションの2系統一致
MA_RS00880,MA_0164,195154,BLAST,195166,195166,BLASTと一致,高確信度相当(格上げ): BLAST+GCA旧アノテーションの2系統一致
MA_RS00910,MA_0168,201678,BLAST,201729,201729,BLAST・RNA-seq両方と一致,高確信度相当(格上げ): BLAST+GCA旧アノテーションの2系統一致
MA_RS00955,MA_0176,211183,BLAST,211216,211216,BLAST・RNA-seq両方と一致,高確信度相当(格上げ): BLAST+GCA旧アノテーションの2系統一致
MA_RS00960,MA_0177,211761,BLAST,211770,211770,BLASTと一致,高確信度相当(格上げ): BLAST+GCA旧アノテーションの2系統一致
MA_RS00965,MA_0178,212391,BLAST,212475,212475,BLAST・RNA-seq両方と一致,高確信度相当(格上げ): BLAST+GCA旧アノテーションの2系統一致
MA_RS01010,MA_0187,221645,BLAST,221636,221636,BLASTと一致,高確信度相当(格上げ): BLAST+GCA旧アノテーションの2系統一致
MA_RS01050,MA_0195,236253,BLAST,236421,236421,BLASTと一致,高確信度相当(格上げ): BLAST+GCA旧アノテーションの2系統一致
MA_RS01090,MA_0203,243156,BLAST,243126,243126,BLAST・RNA-seq両方と一致,高確信度相当(格上げ): BLAST+GCA旧アノテーションの2系統一致
MA_RS01100,MA_0205,249118,BLAST,249106,249106,BLASTと一致,高確信度相当(格上げ): BLAST+GCA旧アノテーションの2系統一致
MA_RS01125,MA_0210,255385,BLAST,255406,255406,BLASTと一致,高確信度相当(格上げ): BLAST+GCA旧アノテーションの2系統一致
MA_RS24335,MA_0225,271766,BLAST,271721,271721,BLASTと一致,高確信度相当(格上げ): BLAST+GCA旧アノテーションの2系統一致
MA_RS01225,MA_0228,274729,BLAST,274744,274654,いずれとも異なる(第3の候補),中確信度: 上流への延長の可能性(片方の証拠のみ)
MA_RS01335,MA_0250,302484,BLAST,302505,302505,BLASTと一致,高確信度相当(格上げ): BLAST+GCA旧アノテーションの2系統一致
MA_RS01355,MA_0254,308860,BLAST,308869,308845,いずれとも異なる(第3の候補),中確信度: 上流への延長の可能性(片方の証拠のみ)
MA_RS01385,MA_0260,315578,BLAST,315515,315515,BLASTと一致,高確信度相当(格上げ): BLAST+GCA旧アノテーションの2系統一致
MA_RS01395,MA_0262,319666,BLAST,319696,319696,BLASTと一致,高確信度相当(格上げ): BLAST+GCA旧アノテーションの2系統一致
MA_RS01510,MA_0284,341950,BLAST,341980,341980,BLAST・RNA-seq両方と一致,高確信度相当(格上げ): BLAST+GCA旧アノテーションの2系統一致
MA_RS01535,MA_0289,348379,BLAST,348361,348361,BLAST・RNA-seq両方と一致,高確信度相当(格上げ): BLAST+GCA旧アノテーションの2系統一致
MA_RS01550,MA_0292,350108,BLAST,350114,350114,BLASTと一致,高確信度相当(格上げ): BLAST+GCA旧アノテーションの2系統一致
MA_RS01560,MA_0294,350802,BLAST,350796,350796,BLASTと一致,高確信度相当(格上げ): BLAST+GCA旧アノテーションの2系統一致
MA_RS01565,MA_0295,351805,BLAST,351772,351772,BLAST・RNA-seq両方と一致,高確信度相当(格上げ): BLAST+GCA旧アノテーションの2系統一致
MA_RS01605,MA_0303,361289,BLAST,361292,361292,BLASTと一致,高確信度相当(格上げ): BLAST+GCA旧アノテーションの2系統一致
MA_RS01620,MA_0304,362830,BLAST,362731,362797,いずれとも異なる(第3の候補),中確信度: 上流への延長の可能性(片方の証拠のみ)
MA_RS01650,MA_0310,369250,BLAST,369238,369238,BLAST・RNA-seq両方と一致,高確信度相当(格上げ): BLAST+GCA旧アノテーションの2系統一致
MA_RS01655,MA_0311,370777,BLAST,370756,370756,BLAST・RNA-seq両方と一致,高確信度相当(格上げ): BLAST+GCA旧アノテーションの2系統一致
MA_RS01670,MA_0314,374464,BLAST,374584,374584,BLASTと一致,高確信度相当(格上げ): BLAST+GCA旧アノテーションの2系統一致
MA_RS01710,MA_0322,380837,BLAST,380852,380852,BLAST・RNA-seq両方と一致,高確信度相当(格上げ): BLAST+GCA旧アノテーションの2系統一致
MA_RS01745,MA_0329,386206,BLAST,386218,386200,いずれとも異なる(第3の候補),中確信度: 上流への延長の可能性(片方の証拠のみ)
MA_RS01750,MA_0330,386826,BLAST,386841,386841,BLAST・RNA-seq両方と一致,高確信度相当(格上げ): BLAST+GCA旧アノテーションの2系統一致
MA_RS01775,MA_0335,391064,BLAST,391031,391031,BLAST・RNA-seq両方と一致,高確信度相当(格上げ): BLAST+GCA旧アノテーションの2系統一致
MA_RS01790,MA_0338,397635,BLAST,397626,397626,BLASTと一致,高確信度相当(格上げ): BLAST+GCA旧アノテーションの2系統一致
MA_RS01795,MA_0339,398698,BLAST,398680,398680,BLASTと一致,高確信度相当(格上げ): BLAST+GCA旧アノテーションの2系統一致
MA_RS01855,MA_0352,421036,BLAST,421159,421159,BLASTと一致,高確信度相当(格上げ): BLAST+GCA旧アノテーションの2系統一致
MA_RS01870,MA_0356,423671,BLAST,423695,423695,BLASTと一致,高確信度相当(格上げ): BLAST+GCA旧アノテーションの2系統一致
MA_RS01875,MA_0357,424020,BLAST,424089,424089,BLASTと一致,高確信度相当(格上げ): BLAST+GCA旧アノテーションの2系統一致
MA_RS01905,MA_0362,430029,BLAST,430101,430101,BLASTと一致,高確信度相当(格上げ): BLAST+GCA旧アノテーションの2系統一致
MA_RS01920,MA_0365,432943,BLAST,432955,432955,BLASTと一致,高確信度相当(格上げ): BLAST+GCA旧アノテーションの2系統一致
MA_RS01940,MA_0369,436552,BLAST,436561,436561,BLASTと一致,高確信度相当(格上げ): BLAST+GCA旧アノテーションの2系統一致
MA_RS01975,MA_0377,442881,BLAST,442818,442932,いずれとも異なる(第3の候補),中確信度: 上流への延長の可能性(片方の証拠のみ)
MA_RS02005,MA_0382,447990,BLAST,447978,447978,BLASTと一致,高確信度相当(格上げ): BLAST+GCA旧アノテーションの2系統一致
MA_RS02010,MA_0383,453072,BLAST,453309,453309,BLASTと一致,高確信度相当(格上げ): BLAST+GCA旧アノテーションの2系統一致
MA_RS02025,MA_0385,464422,BLAST,464494,464494,BLAST・RNA-seq両方と一致,高確信度相当(格上げ): BLAST+GCA旧アノテーションの2系統一致
MA_RS02030,MA_0386,469318,BLAST,469360,469360,BLASTと一致,高確信度相当(格上げ): BLAST+GCA旧アノテーションの2系統一致
MA_RS02075,MA_0394,476549,BLAST,476540,476540,BLAST・RNA-seq両方と一致,高確信度相当(格上げ): BLAST+GCA旧アノテーションの2系統一致
MA_RS02105,MA_0400,483000,BLAST,482997,482997,BLASTと一致,高確信度相当(格上げ): BLAST+GCA旧アノテーションの2系統一致
MA_RS02125,MA_0404,486521,BLAST,486506,486506,BLAST・RNA-seq両方と一致,高確信度相当(格上げ): BLAST+GCA旧アノテーションの2系統一致
MA_RS02135,MA_0406,488865,BLAST,488862,488862,BLASTと一致,高確信度相当(格上げ): BLAST+GCA旧アノテーションの2系統一致
MA_RS02235,MA_0426,506196,BLAST,506187,506187,BLASTと一致,高確信度相当(格上げ): BLAST+GCA旧アノテーションの2系統一致
MA_RS02345,MA_0448,528495,BLAST,528510,528510,BLASTと一致,高確信度相当(格上げ): BLAST+GCA旧アノテーションの2系統一致
MA_RS02350,MA_0449,528705,BLAST,528675,528684,いずれとも異なる(第3の候補),中確信度: 上流への延長の可能性(片方の証拠のみ)
MA_RS02370,MA_0453,532971,BLAST,533082,533082,BLASTと一致,高確信度相当(格上げ): BLAST+GCA旧アノテーションの2系統一致
MA_RS02375,MA_0454,533783,BLAST,533768,533768,BLAST・RNA-seq両方と一致,高確信度相当(格上げ): BLAST+GCA旧アノテーションの2系統一致
MA_RS02475,MA_0473,554458,BLAST,554425,554425,BLASTと一致,高確信度相当(格上げ): BLAST+GCA旧アノテーションの2系統一致
MA_RS02495,MA_0477,557862,BLAST,557835,557853,RNA-seqと一致,中確信度: 上流への延長の可能性(片方の証拠のみ)
MA_RS24350,MA_0488,567850,BLAST,567841,567952,いずれとも異なる(第3の候補),中確信度: 上流への延長の可能性(片方の証拠のみ)
MA_RS02610,MA_0502,584723,BLAST,584567,584615,いずれとも異なる(第3の候補),中確信度: 上流への延長の可能性(片方の証拠のみ)
MA_RS02625,MA_0505,586505,BLAST,586472,586472,BLASTと一致,高確信度相当(格上げ): BLAST+GCA旧アノテーションの2系統一致
MA_RS02645,MA_0509,591371,BLAST,591359,591359,BLASTと一致,高確信度相当(格上げ): BLAST+GCA旧アノテーションの2系統一致
MA_RS02670,MA_0513,597652,BLAST,597667,597667,BLASTと一致,高確信度相当(格上げ): BLAST+GCA旧アノテーションの2系統一致
MA_RS02690,MA_0516,601283,BLAST,601280,601280,BLASTと一致,高確信度相当(格上げ): BLAST+GCA旧アノテーションの2系統一致
MA_RS02885,MA_0549,638399,BLAST,638354,638354,BLAST・RNA-seq両方と一致,高確信度相当(格上げ): BLAST+GCA旧アノテーションの2系統一致
MA_RS02905,MA_0552,645562,BLAST,645382,645382,BLAST・RNA-seq両方と一致,高確信度相当(格上げ): BLAST+GCA旧アノテーションの2系統一致
MA_RS02950,MA_0561,664051,BLAST,664015,664015,BLAST・RNA-seq両方と一致,高確信度相当(格上げ): BLAST+GCA旧アノテーションの2系統一致
MA_RS02960,MA_0563,667157,BLAST,667136,667136,BLAST・RNA-seq両方と一致,高確信度相当(格上げ): BLAST+GCA旧アノテーションの2系統一致
MA_RS03080,MA_0587,690641,BLAST,690617,690617,BLAST・RNA-seq両方と一致,高確信度相当(格上げ): BLAST+GCA旧アノテーションの2系統一致
MA_RS03100,MA_0591,695536,BLAST,695377,695452,いずれとも異なる(第3の候補),中確信度: 上流への延長の可能性(片方の証拠のみ)
MA_RS03125,MA_0595,701308,BLAST,701272,701272,BLASTと一致,高確信度相当(格上げ): BLAST+GCA旧アノテーションの2系統一致
MA_RS03130,MA_0596,701699,BLAST,701690,701690,BLASTと一致,高確信度相当(格上げ): BLAST+GCA旧アノテーションの2系統一致
MA_RS03165,MA_0602,705010,BLAST,704998,704998,BLASTと一致,高確信度相当(格上げ): BLAST+GCA旧アノテーションの2系統一致
MA_RS03185,MA_0606,710692,BLAST,710683,710683,BLASTと一致,高確信度相当(格上げ): BLAST+GCA旧アノテーションの2系統一致
MA_RS03210,MA_0611,716760,BLAST,716754,716754,BLAST・RNA-seq両方と一致,高確信度相当(格上げ): BLAST+GCA旧アノテーションの2系統一致
MA_RS03295,MA_0626,737081,BLAST,737066,737183,いずれとも異なる(第3の候補),中確信度: 上流への延長の可能性(片方の証拠のみ)
MA_RS03300,MA_0627,738028,BLAST,738022,738022,BLASTと一致,高確信度相当(格上げ): BLAST+GCA旧アノテーションの2系統一致
MA_RS03315,MA_0630,741925,BLAST,741874,741874,BLAST・RNA-seq両方と一致,高確信度相当(格上げ): BLAST+GCA旧アノテーションの2系統一致
MA_RS03325,MA_0633,744374,BLAST,744362,744362,BLAST・RNA-seq両方と一致,高確信度相当(格上げ): BLAST+GCA旧アノテーションの2系統一致
MA_RS03335,MA_0635,746169,BLAST,746160,746160,BLAST・RNA-seq両方と一致,高確信度相当(格上げ): BLAST+GCA旧アノテーションの2系統一致
MA_RS03390,MA_0644,757856,BLAST,757865,757865,BLASTと一致,高確信度相当(格上げ): BLAST+GCA旧アノテーションの2系統一致
MA_RS03405,MA_0647,759527,BLAST,759539,759539,BLAST・RNA-seq両方と一致,高確信度相当(格上げ): BLAST+GCA旧アノテーションの2系統一致
MA_RS03435,MA_0653,767242,BLAST,767206,767419,いずれとも異なる(第3の候補),中確信度: 上流への延長の可能性(片方の証拠のみ)
MA_RS03440,MA_0654,770496,BLAST,770547,770547,BLASTと一致,高確信度相当(格上げ): BLAST+GCA旧アノテーションの2系統一致
MA_RS03450,MA_0656,771947,BLAST,771938,771938,BLASTと一致,高確信度相当(格上げ): BLAST+GCA旧アノテーションの2系統一致
MA_RS03460,MA_0658,774913,BLAST,774904,774904,BLASTと一致,高確信度相当(格上げ): BLAST+GCA旧アノテーションの2系統一致
MA_RS03505,MA_0667,783465,BLAST,783480,783480,BLASTと一致,高確信度相当(格上げ): BLAST+GCA旧アノテーションの2系統一致
MA_RS03515,MA_0669,785002,BLAST,784990,784990,BLASTと一致,高確信度相当(格上げ): BLAST+GCA旧アノテーションの2系統一致
MA_RS03555,MA_0677,793566,BLAST,793527,793548,いずれとも異なる(第3の候補),中確信度: 上流への延長の可能性(片方の証拠のみ)
MA_RS03565,MA_0679,796395,BLAST,796494,796494,BLASTと一致,高確信度相当(格上げ): BLAST+GCA旧アノテーションの2系統一致
MA_RS03580,MA_0682,799951,BLAST,799960,799960,BLASTと一致,高確信度相当(格上げ): BLAST+GCA旧アノテーションの2系統一致
MA_RS03595,MA_0685,801921,BLAST,801909,801909,BLASTと一致,高確信度相当(格上げ): BLAST+GCA旧アノテーションの2系統一致
MA_RS03620,MA_0691,806927,BLAST,806882,806882,BLAST・RNA-seq両方と一致,高確信度相当(格上げ): BLAST+GCA旧アノテーションの2系統一致
MA_RS03650,MA_0697,814775,BLAST,814784,814784,BLAST・RNA-seq両方と一致,高確信度相当(格上げ): BLAST+GCA旧アノテーションの2系統一致
MA_RS03690,MA_0705,822155,BLAST,822113,822113,BLASTと一致,高確信度相当(格上げ): BLAST+GCA旧アノテーションの2系統一致
MA_RS03695,MA_0706,823576,BLAST,823573,823573,BLASTと一致,高確信度相当(格上げ): BLAST+GCA旧アノテーションの2系統一致
MA_RS03820,MA_0729,850568,BLAST,850580,850580,BLASTと一致,高確信度相当(格上げ): BLAST+GCA旧アノテーションの2系統一致
MA_RS03845,MA_0734,854297,BLAST,854222,854222,BLASTと一致,高確信度相当(格上げ): BLAST+GCA旧アノテーションの2系統一致
MA_RS03850,MA_0735,855461,BLAST,855494,855494,BLASTと一致,高確信度相当(格上げ): BLAST+GCA旧アノテーションの2系統一致
MA_RS03870,MA_0739,859521,BLAST,859557,859557,BLAST・RNA-seq両方と一致,高確信度相当(格上げ): BLAST+GCA旧アノテーションの2系統一致
MA_RS03885,MA_0743,863532,BLAST,863655,863655,BLASTと一致,高確信度相当(格上げ): BLAST+GCA旧アノテーションの2系統一致
MA_RS03900,MA_0746,865857,BLAST,865812,865812,BLASTと一致,高確信度相当(格上げ): BLAST+GCA旧アノテーションの2系統一致
MA_RS03925,MA_0751,871621,BLAST,871507,871507,BLASTと一致,高確信度相当(格上げ): BLAST+GCA旧アノテーションの2系統一致
MA_RS03980,MA_0761,887894,BLAST,887882,887882,BLAST・RNA-seq両方と一致,高確信度相当(格上げ): BLAST+GCA旧アノテーションの2系統一致
MA_RS04015,MA_0768,898820,BLAST,898814,898814,BLAST・RNA-seq両方と一致,高確信度相当(格上げ): BLAST+GCA旧アノテーションの2系統一致
MA_RS04070,MA_0777,910007,BLAST,909998,909998,BLASTと一致,高確信度相当(格上げ): BLAST+GCA旧アノテーションの2系統一致
MA_RS04125,MA_0790,921378,BLAST,921330,921330,BLASTと一致,高確信度相当(格上げ): BLAST+GCA旧アノテーションの2系統一致
MA_RS04130,MA_0791,922460,BLAST,922313,922313,BLAST・RNA-seq両方と一致,高確信度相当(格上げ): BLAST+GCA旧アノテーションの2系統一致
MA_RS04135,MA_0792,924438,BLAST,924468,924474,いずれとも異なる(第3の候補),中確信度: 上流への延長の可能性(片方の証拠のみ)
MA_RS04140,MA_0793,925478,BLAST,925502,925502,BLASTと一致,高確信度相当(格上げ): BLAST+GCA旧アノテーションの2系統一致
MA_RS04160,MA_0797,929260,BLAST,929347,929296,いずれとも異なる(第3の候補),中確信度: 上流への延長の可能性(片方の証拠のみ)
MA_RS04190,MA_0804,937708,BLAST,937750,937750,BLAST・RNA-seq両方と一致,高確信度相当(格上げ): BLAST+GCA旧アノテーションの2系統一致
MA_RS04230,MA_0811,944560,BLAST,944593,944593,BLASTと一致,高確信度相当(格上げ): BLAST+GCA旧アノテーションの2系統一致
MA_RS04240,MA_0813,947916,BLAST,947937,947937,BLASTと一致,高確信度相当(格上げ): BLAST+GCA旧アノテーションの2系統一致
MA_RS04245,MA_0814,950003,BLAST,950012,950012,BLAST・RNA-seq両方と一致,高確信度相当(格上げ): BLAST+GCA旧アノテーションの2系統一致
MA_RS04290,MA_0823,958709,BLAST,958739,958739,BLASTと一致,高確信度相当(格上げ): BLAST+GCA旧アノテーションの2系統一致
MA_RS04370,MA_0838,977515,BLAST,977530,977530,BLASTと一致,高確信度相当(格上げ): BLAST+GCA旧アノテーションの2系統一致
MA_RS04385,MA_0841,980748,BLAST,980700,980700,BLASTと一致,高確信度相当(格上げ): BLAST+GCA旧アノテーションの2系統一致
MA_RS04405,MA_0845,985457,BLAST,985439,985439,BLASTと一致,高確信度相当(格上げ): BLAST+GCA旧アノテーションの2系統一致
MA_RS04415,MA_0847,987383,BLAST,987278,987278,BLASTと一致,高確信度相当(格上げ): BLAST+GCA旧アノテーションの2系統一致
MA_RS04450,MA_0854,1009640,BLAST,1009601,1009601,BLASTと一致,高確信度相当(格上げ): BLAST+GCA旧アノテーションの2系統一致
MA_RS04470,MA_0858,1018281,BLAST,1018299,1018299,BLASTと一致,高確信度相当(格上げ): BLAST+GCA旧アノテーションの2系統一致
MA_RS04475,MA_0859,1020910,BLAST,1020928,1020928,BLASTと一致,高確信度相当(格上げ): BLAST+GCA旧アノテーションの2系統一致
MA_RS04530,MA_0870,1034123,BLAST,1034147,1034147,BLAST・RNA-seq両方と一致,高確信度相当(格上げ): BLAST+GCA旧アノテーションの2系統一致
MA_RS04605,MA_0884,1058343,BLAST,1058322,1058322,BLAST・RNA-seq両方と一致,高確信度相当(格上げ): BLAST+GCA旧アノテーションの2系統一致
MA_RS04695,MA_0904,1082313,BLAST,1082322,1082322,BLASTと一致,高確信度相当(格上げ): BLAST+GCA旧アノテーションの2系統一致
MA_RS04700,MA_0905,1082474,BLAST,1082411,1082411,BLASTと一致,高確信度相当(格上げ): BLAST+GCA旧アノテーションの2系統一致
MA_RS04720,MA_0910,1088846,BLAST,1088837,1088837,BLASTと一致,高確信度相当(格上げ): BLAST+GCA旧アノテーションの2系統一致
MA_RS04730,MA_0912,1090906,BLAST,1091029,1091029,BLASTと一致,高確信度相当(格上げ): BLAST+GCA旧アノテーションの2系統一致
MA_RS04740,MA_0914,1092417,BLAST,1092387,1092387,BLAST・RNA-seq両方と一致,高確信度相当(格上げ): BLAST+GCA旧アノテーションの2系統一致
MA_RS04755,MA_0917,1096558,BLAST,1096546,1096546,BLASTと一致,高確信度相当(格上げ): BLAST+GCA旧アノテーションの2系統一致
MA_RS04770,MA_0920,1100861,BLAST,1100897,1100897,BLASTと一致,高確信度相当(格上げ): BLAST+GCA旧アノテーションの2系統一致
MA_RS04795,MA_0925,1104205,BLAST,1104181,1104181,BLASTと一致,高確信度相当(格上げ): BLAST+GCA旧アノテーションの2系統一致
MA_RS04855,MA_0935,1114790,BLAST,1114805,1114805,BLASTと一致,高確信度相当(格上げ): BLAST+GCA旧アノテーションの2系統一致
MA_RS04880,MA_0940,1118620,BLAST,1118629,1118629,BLASTと一致,高確信度相当(格上げ): BLAST+GCA旧アノテーションの2系統一致
MA_RS04905,MA_0944,1124670,BLAST,1124727,1124727,BLASTと一致,高確信度相当(格上げ): BLAST+GCA旧アノテーションの2系統一致
MA_RS04925,MA_0947,1126372,BLAST,1126354,1126354,BLASTと一致,高確信度相当(格上げ): BLAST+GCA旧アノテーションの2系統一致
MA_RS04955,MA_0953,1133958,BLAST,1133988,1134066,いずれとも異なる(第3の候補),中確信度: 上流への延長の可能性(片方の証拠のみ)
MA_RS24380,MA_0960,1146589,BLAST,1146694,1146694,BLAST・RNA-seq両方と一致,高確信度相当(格上げ): BLAST+GCA旧アノテーションの2系統一致
MA_RS05015,MA_0964,1151312,BLAST,1151300,1151300,BLASTと一致,高確信度相当(格上げ): BLAST+GCA旧アノテーションの2系統一致
MA_RS05045,MA_0969,1155621,BLAST,1155618,1155555,いずれとも異なる(第3の候補),中確信度: 上流への延長の可能性(片方の証拠のみ)
MA_RS24390,MA_0970,1157351,BLAST,1157294,1157294,BLAST・RNA-seq両方と一致,高確信度相当(格上げ): BLAST+GCA旧アノテーションの2系統一致
MA_RS05060,MA_0972,1160915,BLAST,1160900,1160900,BLASTと一致,高確信度相当(格上げ): BLAST+GCA旧アノテーションの2系統一致
MA_RS05125,MA_0982,1173882,BLAST,1173873,1173873,BLASTと一致,高確信度相当(格上げ): BLAST+GCA旧アノテーションの2系統一致
MA_RS05160,MA_0988,1181283,BLAST,1181337,1181337,BLAST・RNA-seq両方と一致,高確信度相当(格上げ): BLAST+GCA旧アノテーションの2系統一致
MA_RS05195,MA_0995,1187129,BLAST,1187126,1187126,BLASTと一致,高確信度相当(格上げ): BLAST+GCA旧アノテーションの2系統一致
MA_RS28435,MA_0998,1189519,BLAST,1189345,1189417,いずれとも異なる(第3の候補),中確信度: 上流への延長の可能性(片方の証拠のみ)
MA_RS24395,MA_1000,1191973,BLAST,1191940,1191940,BLASTと一致,高確信度相当(格上げ): BLAST+GCA旧アノテーションの2系統一致
MA_RS05225,MA_1001,1194679,BLAST,1194691,1194691,BLAST・RNA-seq両方と一致,高確信度相当(格上げ): BLAST+GCA旧アノテーションの2系統一致
MA_RS05295,MA_1013,1209825,BLAST,1209876,1209762,いずれとも異なる(第3の候補),中確信度: 上流への延長の可能性(片方の証拠のみ)
MA_RS05345,MA_1022,1223996,BLAST,1223981,1223981,BLAST・RNA-seq両方と一致,高確信度相当(格上げ): BLAST+GCA旧アノテーションの2系統一致
MA_RS05375,MA_1030,1231307,BLAST,1231274,1231274,BLASTと一致,高確信度相当(格上げ): BLAST+GCA旧アノテーションの2系統一致
MA_RS05520,MA_1059,1267617,BLAST,1267626,1267626,BLASTと一致,高確信度相当(格上げ): BLAST+GCA旧アノテーションの2系統一致
MA_RS05570,MA_1068,1280232,BLAST,1280238,1280238,BLASTと一致,高確信度相当(格上げ): BLAST+GCA旧アノテーションの2系統一致
MA_RS05575,MA_1069,1281584,BLAST,1281365,1281329,いずれとも異なる(第3の候補),中確信度: 上流への延長の可能性(片方の証拠のみ)
MA_RS05650,MA_1083,1291853,BLAST,1291844,1291844,BLAST・RNA-seq両方と一致,高確信度相当(格上げ): BLAST+GCA旧アノテーションの2系統一致
MA_RS05680,MA_1089,1294539,BLAST,1294530,1294530,BLASTと一致,高確信度相当(格上げ): BLAST+GCA旧アノテーションの2系統一致
MA_RS05770,MA_1107,1310037,BLAST,1309983,1309983,BLAST・RNA-seq両方と一致,高確信度相当(格上げ): BLAST+GCA旧アノテーションの2系統一致
MA_RS05850,MA_1122,1327623,BLAST,1327641,1327641,BLAST・RNA-seq両方と一致,高確信度相当(格上げ): BLAST+GCA旧アノテーションの2系統一致
MA_RS24400,MA_1126,1331057,BLAST,1330931,1330931,BLASTと一致,高確信度相当(格上げ): BLAST+GCA旧アノテーションの2系統一致
MA_RS05875,MA_1128,1335895,BLAST,1335913,1335913,BLAST・RNA-seq両方と一致,高確信度相当(格上げ): BLAST+GCA旧アノテーションの2系統一致
MA_RS05890,MA_1131,1339430,BLAST,1339421,1339451,いずれとも異なる(第3の候補),中確信度: 上流への延長の可能性(片方の証拠のみ)
MA_RS05900,MA_1133,1342183,BLAST,1342198,1342198,BLAST・RNA-seq両方と一致,高確信度相当(格上げ): BLAST+GCA旧アノテーションの2系統一致
MA_RS05930,MA_1139,1347132,BLAST,1347165,1347165,BLAST・RNA-seq両方と一致,高確信度相当(格上げ): BLAST+GCA旧アノテーションの2系統一致
MA_RS06020,MA_1156,1371111,BLAST,1371099,1371099,BLASTと一致,高確信度相当(格上げ): BLAST+GCA旧アノテーションの2系統一致
MA_RS06065,MA_1165,1382947,BLAST,1382953,1382953,BLAST・RNA-seq両方と一致,高確信度相当(格上げ): BLAST+GCA旧アノテーションの2系統一致
MA_RS06080,MA_1168,1385749,BLAST,1385758,1385758,BLAST・RNA-seq両方と一致,高確信度相当(格上げ): BLAST+GCA旧アノテーションの2系統一致
MA_RS06095,MA_1171,1388704,BLAST,1388653,1388653,BLAST・RNA-seq両方と一致,高確信度相当(格上げ): BLAST+GCA旧アノテーションの2系統一致
MA_RS06100,MA_1172,1392905,BLAST,1392914,1392914,BLAST・RNA-seq両方と一致,高確信度相当(格上げ): BLAST+GCA旧アノテーションの2系統一致
MA_RS06105,MA_1173,1394033,BLAST,1394042,1394042,BLASTと一致,高確信度相当(格上げ): BLAST+GCA旧アノテーションの2系統一致
MA_RS24405,MA_1178,1398528,BLAST,1398522,1398558,いずれとも異なる(第3の候補),中確信度: 上流への延長の可能性(片方の証拠のみ)
MA_RS06135,MA_1179,1399970,BLAST,1399961,1399955,いずれとも異なる(第3の候補),中確信度: 上流への延長の可能性(片方の証拠のみ)
MA_RS06205,MA_1193,1421117,BLAST,1421108,1421108,BLAST・RNA-seq両方と一致,高確信度相当(格上げ): BLAST+GCA旧アノテーションの2系統一致
MA_RS06210,MA_1194,1422102,BLAST,1422069,1421985,いずれとも異なる(第3の候補),中確信度: 上流への延長の可能性(片方の証拠のみ)
MA_RS06215,MA_1195,1425149,BLAST,1425227,1425227,BLASTと一致,高確信度相当(格上げ): BLAST+GCA旧アノテーションの2系統一致
MA_RS06225,MA_1197,1428312,BLAST,1428327,1428396,いずれとも異なる(第3の候補),中確信度: 上流への延長の可能性(片方の証拠のみ)
MA_RS06245,MA_1200,1431478,BLAST,1431637,1431637,BLASTと一致,高確信度相当(格上げ): BLAST+GCA旧アノテーションの2系統一致
MA_RS06340,MA_1219,1451365,BLAST,1451326,1451326,BLAST・RNA-seq両方と一致,高確信度相当(格上げ): BLAST+GCA旧アノテーションの2系統一致
MA_RS06345,MA_1220,1452879,BLAST,1452846,1452846,BLASTと一致,高確信度相当(格上げ): BLAST+GCA旧アノテーションの2系統一致
MA_RS06365,MA_1224,1457748,BLAST,1457757,1457757,BLAST・RNA-seq両方と一致,高確信度相当(格上げ): BLAST+GCA旧アノテーションの2系統一致
MA_RS06390,MA_1229,1462519,BLAST,1462627,1462627,BLAST・RNA-seq両方と一致,高確信度相当(格上げ): BLAST+GCA旧アノテーションの2系統一致
MA_RS06410,MA_1233,1467116,BLAST,1467215,1467101,いずれとも異なる(第3の候補),中確信度: 上流への延長の可能性(片方の証拠のみ)
MA_RS06440,MA_1239,1473314,BLAST,1473359,1473359,BLASTと一致,高確信度相当(格上げ): BLAST+GCA旧アノテーションの2系統一致
MA_RS06470,MA_1246,1485273,BLAST,1485300,1485300,BLASTと一致,高確信度相当(格上げ): BLAST+GCA旧アノテーションの2系統一致
MA_RS06540,MA_1261,1501643,BLAST,1501652,1501652,BLAST・RNA-seq両方と一致,高確信度相当(格上げ): BLAST+GCA旧アノテーションの2系統一致
MA_RS06625,MA_1276,1529509,BLAST,1529539,1529539,BLAST・RNA-seq両方と一致,高確信度相当(格上げ): BLAST+GCA旧アノテーションの2系統一致
MA_RS06640,MA_1279,1532600,BLAST,1532705,1532642,いずれとも異なる(第3の候補),中確信度: 上流への延長の可能性(片方の証拠のみ)
MA_RS06645,MA_1280,1534015,BLAST,1534045,1534045,BLAST・RNA-seq両方と一致,高確信度相当(格上げ): BLAST+GCA旧アノテーションの2系統一致
MA_RS06655,MA_1282,1536571,BLAST,1536577,1536577,BLASTと一致,高確信度相当(格上げ): BLAST+GCA旧アノテーションの2系統一致
MA_RS06670,MA_1285,1539406,BLAST,1539280,1539280,BLASTと一致,高確信度相当(格上げ): BLAST+GCA旧アノテーションの2系統一致
MA_RS06690,MA_1289,1543709,BLAST,1543700,1543700,BLAST・RNA-seq両方と一致,高確信度相当(格上げ): BLAST+GCA旧アノテーションの2系統一致
MA_RS06700,MA_1291,1546595,BLAST,1546586,1546586,BLAST・RNA-seq両方と一致,高確信度相当(格上げ): BLAST+GCA旧アノテーションの2系統一致
MA_RS06720,MA_1295,1553631,BLAST,1553607,1553607,BLASTと一致,高確信度相当(格上げ): BLAST+GCA旧アノテーションの2系統一致
MA_RS06775,MA_1307,1566811,BLAST,1566973,1566787,いずれとも異なる(第3の候補),中確信度: 上流への延長の可能性(片方の証拠のみ)
MA_RS06800,MA_1313,1574242,BLAST,1574125,1574095,いずれとも異なる(第3の候補),中確信度: 上流への延長の可能性(片方の証拠のみ)
MA_RS06845,MA_1321,1585299,BLAST,1585332,1585332,BLAST・RNA-seq両方と一致,高確信度相当(格上げ): BLAST+GCA旧アノテーションの2系統一致
MA_RS06865,MA_1323,1590819,BLAST,1590798,1590798,BLAST・RNA-seq両方と一致,高確信度相当(格上げ): BLAST+GCA旧アノテーションの2系統一致
MA_RS06890,MA_1328,1595636,BLAST,1595612,1595612,BLAST・RNA-seq両方と一致,高確信度相当(格上げ): BLAST+GCA旧アノテーションの2系統一致
MA_RS06965,MA_1343,1609739,BLAST,1609652,1609676,いずれとも異なる(第3の候補),中確信度: 上流への延長の可能性(片方の証拠のみ)
MA_RS06970,MA_1344,1610154,BLAST,1610103,1610103,BLASTと一致,高確信度相当(格上げ): BLAST+GCA旧アノテーションの2系統一致
MA_RS06990,MA_1347,1615914,BLAST,1615842,1615842,BLASTと一致,高確信度相当(格上げ): BLAST+GCA旧アノテーションの2系統一致
MA_RS06995,MA_1348,1617034,BLAST,1617037,1617037,BLASTと一致,高確信度相当(格上げ): BLAST+GCA旧アノテーションの2系統一致
MA_RS07055,MA_1357,1626327,BLAST,1626315,1626315,BLASTと一致,高確信度相当(格上げ): BLAST+GCA旧アノテーションの2系統一致
MA_RS07075,MA_1362,1631797,BLAST,1631803,1631803,BLAST・RNA-seq両方と一致,高確信度相当(格上げ): BLAST+GCA旧アノテーションの2系統一致
MA_RS07100,MA_1367,1635794,BLAST,1635785,1635833,いずれとも異なる(第3の候補),中確信度: 上流への延長の可能性(片方の証拠のみ)
MA_RS07105,MA_1368,1637338,BLAST,1637368,1637368,BLASTと一致,高確信度相当(格上げ): BLAST+GCA旧アノテーションの2系統一致
MA_RS07120,MA_1371,1638685,BLAST,1638664,1638664,BLAST・RNA-seq両方と一致,高確信度相当(格上げ): BLAST+GCA旧アノテーションの2系統一致
MA_RS07135,MA_1374,1641232,BLAST,1641226,1641226,BLAST・RNA-seq両方と一致,高確信度相当(格上げ): BLAST+GCA旧アノテーションの2系統一致
MA_RS07150,MA_1378,1645009,BLAST,1645108,1645123,いずれとも異なる(第3の候補),中確信度: 上流への延長の可能性(片方の証拠のみ)
MA_RS07175,MA_1383,1649388,BLAST,1649379,1649379,BLASTと一致,高確信度相当(格上げ): BLAST+GCA旧アノテーションの2系統一致
MA_RS07180,MA_1384,1650249,BLAST,1650213,1650213,BLAST・RNA-seq両方と一致,高確信度相当(格上げ): BLAST+GCA旧アノテーションの2系統一致
MA_RS07195,MA_1388,1653968,BLAST,1653983,1653893,いずれとも異なる(第3の候補),中確信度: 上流への延長の可能性(片方の証拠のみ)
MA_RS07200,MA_1389,1654362,BLAST,1654353,1654596,いずれとも異なる(第3の候補),中確信度: 上流への延長の可能性(片方の証拠のみ)
MA_RS07225,MA_1394,1661032,BLAST,1661062,1661062,BLASTと一致,高確信度相当(格上げ): BLAST+GCA旧アノテーションの2系統一致
MA_RS07240,MA_1397,1663504,BLAST,1663498,1663498,BLASTと一致,高確信度相当(格上げ): BLAST+GCA旧アノテーションの2系統一致
MA_RS07255,MA_1400,1667076,BLAST,1667082,1667082,BLASTと一致,高確信度相当(格上げ): BLAST+GCA旧アノテーションの2系統一致
MA_RS07285,MA_1404,1671283,BLAST,1671280,1671280,BLASTと一致,高確信度相当(格上げ): BLAST+GCA旧アノテーションの2系統一致
MA_RS07305,MA_1408,1674572,BLAST,1674455,1674455,BLASTと一致,高確信度相当(格上げ): BLAST+GCA旧アノテーションの2系統一致
MA_RS07335,MA_1414,1681265,BLAST,1681253,1681253,BLAST・RNA-seq両方と一致,高確信度相当(格上げ): BLAST+GCA旧アノテーションの2系統一致
MA_RS07350,MA_1416,1683542,BLAST,1683806,1683806,BLASTと一致,高確信度相当(格上げ): BLAST+GCA旧アノテーションの2系統一致
MA_RS07355,MA_1417,1683955,BLAST,1683943,1683943,BLAST・RNA-seq両方と一致,高確信度相当(格上げ): BLAST+GCA旧アノテーションの2系統一致
MA_RS07365,MA_1419,1686066,BLAST,1686042,1686042,BLAST・RNA-seq両方と一致,高確信度相当(格上げ): BLAST+GCA旧アノテーションの2系統一致
MA_RS07410,MA_1427,1697741,BLAST,1697777,1697777,BLASTと一致,高確信度相当(格上げ): BLAST+GCA旧アノテーションの2系統一致
MA_RS07415,MA_1428,1698671,BLAST,1698680,1698680,BLASTと一致,高確信度相当(格上げ): BLAST+GCA旧アノテーションの2系統一致
MA_RS07420,MA_1429,1699739,BLAST,1699760,1699760,BLAST・RNA-seq両方と一致,高確信度相当(格上げ): BLAST+GCA旧アノテーションの2系統一致
MA_RS07435,MA_1432,1702182,BLAST,1702203,1702203,BLAST・RNA-seq両方と一致,高確信度相当(格上げ): BLAST+GCA旧アノテーションの2系統一致
MA_RS07445,MA_1433,1703824,BLAST,1703836,1703836,BLASTと一致,高確信度相当(格上げ): BLAST+GCA旧アノテーションの2系統一致
MA_RS07495,MA_1442,1712896,BLAST,1712902,1712752,いずれとも異なる(第3の候補),中確信度: 上流への延長の可能性(片方の証拠のみ)
MA_RS07545,MA_1454,1721996,BLAST,1721954,1721954,BLASTと一致,高確信度相当(格上げ): BLAST+GCA旧アノテーションの2系統一致
MA_RS07605,MA_1466,1732985,BLAST,1732907,1732907,BLASTと一致,高確信度相当(格上げ): BLAST+GCA旧アノテーションの2系統一致
MA_RS07710,MA_1485,1757431,BLAST,1757518,1757518,BLASTと一致,高確信度相当(格上げ): BLAST+GCA旧アノテーションの2系統一致
MA_RS07715,MA_1486,1759494,BLAST,1759521,1759521,BLASTと一致,高確信度相当(格上げ): BLAST+GCA旧アノテーションの2系統一致
MA_RS07730,MA_1489,1762424,BLAST,1762433,1762490,いずれとも異なる(第3の候補),中確信度: 上流への延長の可能性(片方の証拠のみ)
MA_RS07750,MA_1493,1766105,BLAST,1766114,1766114,BLASTと一致,高確信度相当(格上げ): BLAST+GCA旧アノテーションの2系統一致
MA_RS29335,MA_1502,1771635,BLAST,1771593,1771626,いずれとも異なる(第3の候補),中確信度: 上流への延長の可能性(片方の証拠のみ)
MA_RS24435,MA_1508,1778369,BLAST,1778318,1778297,いずれとも異なる(第3の候補),中確信度: 上流への延長の可能性(片方の証拠のみ)
MA_RS25205,MA_1509,1780861,BLAST,1780852,1780852,BLAST・RNA-seq両方と一致,高確信度相当(格上げ): BLAST+GCA旧アノテーションの2系統一致
MA_RS24440,MA_1510,1781592,BLAST,1781526,1781526,BLASTと一致,高確信度相当(格上げ): BLAST+GCA旧アノテーションの2系統一致
MA_RS07850,MA_1512,1789391,BLAST,1789463,1789463,BLASTと一致,高確信度相当(格上げ): BLAST+GCA旧アノテーションの2系統一致
MA_RS07855,MA_1513,1789942,BLAST,1789903,1789903,BLAST・RNA-seq両方と一致,高確信度相当(格上げ): BLAST+GCA旧アノテーションの2系統一致
MA_RS07885,MA_1518,1798231,BLAST,1798234,1798234,BLAST・RNA-seq両方と一致,高確信度相当(格上げ): BLAST+GCA旧アノテーションの2系統一致
MA_RS07890,MA_1519,1798744,BLAST,1798714,1798714,BLAST・RNA-seq両方と一致,高確信度相当(格上げ): BLAST+GCA旧アノテーションの2系統一致
MA_RS07905,MA_1522,1801698,BLAST,1801689,1801689,BLASTと一致,高確信度相当(格上げ): BLAST+GCA旧アノテーションの2系統一致
MA_RS07915,MA_1524,1802166,BLAST,1802160,1802160,BLAST・RNA-seq両方と一致,高確信度相当(格上げ): BLAST+GCA旧アノテーションの2系統一致
MA_RS07920,MA_1525,1802751,BLAST,1802733,1802733,BLASTと一致,高確信度相当(格上げ): BLAST+GCA旧アノテーションの2系統一致
MA_RS07935,MA_1528,1806410,BLAST,1806602,1806602,BLAST・RNA-seq両方と一致,高確信度相当(格上げ): BLAST+GCA旧アノテーションの2系統一致
MA_RS08005,MA_1540,1822070,BLAST,1822109,1822109,BLAST・RNA-seq両方と一致,高確信度相当(格上げ): BLAST+GCA旧アノテーションの2系統一致
MA_RS08015,MA_1543,1824301,BLAST,1824289,1824289,BLASTと一致,高確信度相当(格上げ): BLAST+GCA旧アノテーションの2系統一致
MA_RS08040,MA_1548,1831765,BLAST,1831786,1831735,いずれとも異なる(第3の候補),中確信度: 上流への延長の可能性(片方の証拠のみ)
MA_RS08055,MA_1552,1835329,BLAST,1835392,1835392,BLASTと一致,高確信度相当(格上げ): BLAST+GCA旧アノテーションの2系統一致
MA_RS08135,MA_1565,1854280,RNA-seq,1854316,1854316,RNA-seqと一致,高確信度相当(格上げ): RNA-seq+GCA旧アノテーションの2系統一致
MA_RS08145,MA_1567,1856569,BLAST,1856725,1856725,BLAST・RNA-seq両方と一致,高確信度相当(格上げ): BLAST+GCA旧アノテーションの2系統一致
MA_RS08155,MA_1569,1860430,BLAST,1860535,1860535,BLASTと一致,高確信度相当(格上げ): BLAST+GCA旧アノテーションの2系統一致
MA_RS08180,MA_1574,1866321,BLAST,1866339,1866339,BLASTと一致,高確信度相当(格上げ): BLAST+GCA旧アノテーションの2系統一致
MA_RS08255,MA_1589,1889323,BLAST,1889332,1889332,BLASTと一致,高確信度相当(格上げ): BLAST+GCA旧アノテーションの2系統一致
MA_RS08260,MA_1590,1890808,BLAST,1890838,1890838,BLASTと一致,高確信度相当(格上げ): BLAST+GCA旧アノテーションの2系統一致
MA_RS08300,MA_1597,1897370,BLAST,1897358,1897358,BLAST・RNA-seq両方と一致,高確信度相当(格上げ): BLAST+GCA旧アノテーションの2系統一致
MA_RS08385,MA_1614,1923295,BLAST,1923358,1923358,BLASTと一致,高確信度相当(格上げ): BLAST+GCA旧アノテーションの2系統一致
MA_RS08450,MA_1627,1941145,BLAST,1941097,1941097,BLAST・RNA-seq両方と一致,高確信度相当(格上げ): BLAST+GCA旧アノテーションの2系統一致
MA_RS08455,MA_1628,1944036,BLAST,1944006,1944048,いずれとも異なる(第3の候補),中確信度: 上流への延長の可能性(片方の証拠のみ)
MA_RS08465,MA_1630,1948725,BLAST,1948680,1948680,BLAST・RNA-seq両方と一致,高確信度相当(格上げ): BLAST+GCA旧アノテーションの2系統一致
MA_RS08470,MA_1631,1952419,BLAST,1952407,1952407,BLASTと一致,高確信度相当(格上げ): BLAST+GCA旧アノテーションの2系統一致
MA_RS08475,MA_1632,1953827,BLAST,1953779,1953851,いずれとも異なる(第3の候補),中確信度: 上流への延長の可能性(片方の証拠のみ)
MA_RS08495,MA_1636,1959341,BLAST,1959362,1959362,BLASTと一致,高確信度相当(格上げ): BLAST+GCA旧アノテーションの2系統一致
MA_RS08510,MA_1640,1964540,BLAST,1964558,1964558,BLASTと一致,高確信度相当(格上げ): BLAST+GCA旧アノテーションの2系統一致
MA_RS08535,MA_1646,1973020,BLAST,1973002,1973002,BLAST・RNA-seq両方と一致,高確信度相当(格上げ): BLAST+GCA旧アノテーションの2系統一致
MA_RS24460,MA_1660,1992185,BLAST,1992098,1992098,BLASTと一致,高確信度相当(格上げ): BLAST+GCA旧アノテーションの2系統一致
MA_RS08645,MA_1667,2001638,BLAST,2001515,2001515,BLASTと一致,高確信度相当(格上げ): BLAST+GCA旧アノテーションの2系統一致
MA_RS08660,MA_1670,2004011,BLAST,2003999,2003999,BLASTと一致,高確信度相当(格上げ): BLAST+GCA旧アノテーションの2系統一致
MA_RS08685,MA_1675,2010233,BLAST,2010239,2010239,BLASTと一致,高確信度相当(格上げ): BLAST+GCA旧アノテーションの2系統一致
MA_RS08700,MA_1678,2013419,BLAST,2013404,2013404,BLAST・RNA-seq両方と一致,高確信度相当(格上げ): BLAST+GCA旧アノテーションの2系統一致
MA_RS08735,MA_1685,2022308,BLAST,2022284,2022284,BLAST・RNA-seq両方と一致,高確信度相当(格上げ): BLAST+GCA旧アノテーションの2系統一致
MA_RS08770,MA_1690,2029327,BLAST,2029372,2029372,BLAST・RNA-seq両方と一致,高確信度相当(格上げ): BLAST+GCA旧アノテーションの2系統一致
MA_RS08805,MA_1696,2034436,BLAST,2034553,2034553,BLAST・RNA-seq両方と一致,高確信度相当(格上げ): BLAST+GCA旧アノテーションの2系統一致
MA_RS08835,MA_1701,2039855,BLAST,2039813,2039813,BLASTと一致,高確信度相当(格上げ): BLAST+GCA旧アノテーションの2系統一致
MA_RS08870,MA_1709,2048732,BLAST,2048705,2048705,BLASTと一致,高確信度相当(格上げ): BLAST+GCA旧アノテーションの2系統一致
MA_RS08900,MA_1714,2056438,BLAST,2056561,2056561,BLAST・RNA-seq両方と一致,高確信度相当(格上げ): BLAST+GCA旧アノテーションの2系統一致
MA_RS08935,MA_1722,2063894,BLAST,2063777,2063777,BLASTと一致,高確信度相当(格上げ): BLAST+GCA旧アノテーションの2系統一致
MA_RS08950,MA_1724,2068408,BLAST,2068396,2068396,BLASTと一致,高確信度相当(格上げ): BLAST+GCA旧アノテーションの2系統一致
MA_RS09015,MA_1736,2082495,BLAST,2082408,2082408,BLASTと一致,高確信度相当(格上げ): BLAST+GCA旧アノテーションの2系統一致
MA_RS09030,MA_1739,2089254,BLAST,2089290,2089290,BLASTと一致,高確信度相当(格上げ): BLAST+GCA旧アノテーションの2系統一致
MA_RS09055,MA_1744,2096298,BLAST,2096295,2096295,BLAST・RNA-seq両方と一致,高確信度相当(格上げ): BLAST+GCA旧アノテーションの2系統一致
MA_RS09080,MA_1749,2103844,BLAST,2103868,2103868,BLAST・RNA-seq両方と一致,高確信度相当(格上げ): BLAST+GCA旧アノテーションの2系統一致
MA_RS09090,MA_1751,2106255,BLAST,2106234,2106234,BLASTと一致,高確信度相当(格上げ): BLAST+GCA旧アノテーションの2系統一致
MA_RS09105,MA_1754,2117077,BLAST,2117083,2117083,BLAST・RNA-seq両方と一致,高確信度相当(格上げ): BLAST+GCA旧アノテーションの2系統一致
MA_RS09135,MA_1758,2127875,BLAST,2127890,2127890,BLASTと一致,高確信度相当(格上げ): BLAST+GCA旧アノテーションの2系統一致
MA_RS24475,MA_1764,2155154,BLAST,2155169,2155169,BLASTと一致,高確信度相当(格上げ): BLAST+GCA旧アノテーションの2系統一致
MA_RS28540,MA_1766,2161430,BLAST,2161466,2161466,BLASTと一致,高確信度相当(格上げ): BLAST+GCA旧アノテーションの2系統一致
MA_RS09185,MA_1768,2170228,BLAST,2170234,2170234,BLAST・RNA-seq両方と一致,高確信度相当(格上げ): BLAST+GCA旧アノテーションの2系統一致
MA_RS09195,MA_1769,2174655,BLAST,2174685,2174685,BLASTと一致,高確信度相当(格上げ): BLAST+GCA旧アノテーションの2系統一致
MA_RS09205,MA_1771,2176199,BLAST,2176241,2176241,BLASTと一致,高確信度相当(格上げ): BLAST+GCA旧アノテーションの2系統一致
MA_RS09220,MA_1774,2179415,BLAST,2179355,2179355,BLASTと一致,高確信度相当(格上げ): BLAST+GCA旧アノテーションの2系統一致
MA_RS09275,MA_1785,2190122,BLAST,2190110,2190191,いずれとも異なる(第3の候補),中確信度: 上流への延長の可能性(片方の証拠のみ)
MA_RS09310,MA_1791,2202583,BLAST,2202586,2202586,BLAST・RNA-seq両方と一致,高確信度相当(格上げ): BLAST+GCA旧アノテーションの2系統一致
MA_RS09380,MA_1804,2219534,BLAST,2219564,2219564,BLASTと一致,高確信度相当(格上げ): BLAST+GCA旧アノテーションの2系統一致
MA_RS09390,MA_1806,2221239,BLAST,2221371,2221224,いずれとも異なる(第3の候補),中確信度: 上流への延長の可能性(片方の証拠のみ)
MA_RS09415,MA_1810,2224422,BLAST,2224407,2224407,BLASTと一致,高確信度相当(格上げ): BLAST+GCA旧アノテーションの2系統一致
MA_RS09455,MA_1816,2235047,BLAST,2235023,2235023,BLASTと一致,高確信度相当(格上げ): BLAST+GCA旧アノテーションの2系統一致
MA_RS09505,MA_1827,2245699,BLAST,2245744,2245744,BLASTと一致,高確信度相当(格上げ): BLAST+GCA旧アノテーションの2系統一致
MA_RS09515,MA_1829,2248670,BLAST,2248622,2248700,いずれとも異なる(第3の候補),中確信度: 上流への延長の可能性(片方の証拠のみ)
MA_RS09545,MA_1834,2255127,BLAST,2255136,2255136,BLAST・RNA-seq両方と一致,高確信度相当(格上げ): BLAST+GCA旧アノテーションの2系統一致
MA_RS09565,MA_1837,2258170,BLAST,2258164,2258164,BLASTと一致,高確信度相当(格上げ): BLAST+GCA旧アノテーションの2系統一致
MA_RS09585,MA_1840,2268239,BLAST,2268323,2268323,BLASTと一致,高確信度相当(格上げ): BLAST+GCA旧アノテーションの2系統一致
MA_RS09655,MA_1851,2283137,BLAST,2283266,2283266,BLASTと一致,高確信度相当(格上げ): BLAST+GCA旧アノテーションの2系統一致
MA_RS09670,MA_1853,2284809,BLAST,2284830,2284830,BLAST・RNA-seq両方と一致,高確信度相当(格上げ): BLAST+GCA旧アノテーションの2系統一致
MA_RS09675,MA_1854,2286323,BLAST,2286320,2286320,BLAST・RNA-seq両方と一致,高確信度相当(格上げ): BLAST+GCA旧アノテーションの2系統一致
MA_RS09695,MA_1858,2290647,BLAST,2290572,2290572,BLASTと一致,高確信度相当(格上げ): BLAST+GCA旧アノテーションの2系統一致
MA_RS09710,MA_1861,2294660,BLAST,2294630,2294630,BLASTと一致,高確信度相当(格上げ): BLAST+GCA旧アノテーションの2系統一致
MA_RS09745,MA_1868,2305713,BLAST,2305842,2305842,BLASTと一致,高確信度相当(格上げ): BLAST+GCA旧アノテーションの2系統一致
MA_RS09910,MA_1901,2341803,BLAST,2341794,2341794,BLAST・RNA-seq両方と一致,高確信度相当(格上げ): BLAST+GCA旧アノテーションの2系統一致
MA_RS09915,MA_1902,2343944,BLAST,2343983,2343983,BLAST・RNA-seq両方と一致,高確信度相当(格上げ): BLAST+GCA旧アノテーションの2系統一致
MA_RS09925,MA_1904,2352052,BLAST,2352145,2352145,BLAST・RNA-seq両方と一致,高確信度相当(格上げ): BLAST+GCA旧アノテーションの2系統一致
MA_RS24515,MA_1920,2373553,BLAST,2373562,2373562,BLAST・RNA-seq両方と一致,高確信度相当(格上げ): BLAST+GCA旧アノテーションの2系統一致
MA_RS10040,MA_1926,2377891,BLAST,2377882,2377882,BLAST・RNA-seq両方と一致,高確信度相当(格上げ): BLAST+GCA旧アノテーションの2系統一致
MA_RS10095,MA_1938,2394924,BLAST,2394786,2394873,RNA-seqと一致,中確信度: 上流への延長の可能性(片方の証拠のみ)
MA_RS10170,MA_1950,2410466,BLAST,2410451,2410451,BLASTと一致,高確信度相当(格上げ): BLAST+GCA旧アノテーションの2系統一致
MA_RS10175,MA_1951,2413065,BLAST,2413179,2413179,BLAST・RNA-seq両方と一致,高確信度相当(格上げ): BLAST+GCA旧アノテーションの2系統一致
MA_RS10220,MA_1961,2425154,BLAST,2425190,2425136,いずれとも異なる(第3の候補),中確信度: 上流への延長の可能性(片方の証拠のみ)
MA_RS10235,MA_1964,2427945,BLAST,2427960,2427960,BLASTと一致,高確信度相当(格上げ): BLAST+GCA旧アノテーションの2系統一致
MA_RS10260,MA_1969,2434565,BLAST,2434658,2434658,BLASTと一致,高確信度相当(格上げ): BLAST+GCA旧アノテーションの2系統一致
MA_RS10265,MA_1970,2435926,BLAST,2435929,2435929,BLAST・RNA-seq両方と一致,高確信度相当(格上げ): BLAST+GCA旧アノテーションの2系統一致
MA_RS10275,MA_1972,2437172,BLAST,2437163,2437163,BLAST・RNA-seq両方と一致,高確信度相当(格上げ): BLAST+GCA旧アノテーションの2系統一致
MA_RS10305,MA_1978,2447102,BLAST,2447105,2447105,BLASTと一致,高確信度相当(格上げ): BLAST+GCA旧アノテーションの2系統一致
MA_RS10330,MA_1983,2454303,BLAST,2454291,2454291,BLASTと一致,高確信度相当(格上げ): BLAST+GCA旧アノテーションの2系統一致
MA_RS10335,MA_1984,2454831,BLAST,2454801,2454801,BLAST・RNA-seq両方と一致,高確信度相当(格上げ): BLAST+GCA旧アノテーションの2系統一致
MA_RS10340,MA_1985,2456933,BLAST,2456945,2456945,BLASTと一致,高確信度相当(格上げ): BLAST+GCA旧アノテーションの2系統一致
MA_RS24525,MA_1991,2468424,BLAST,2468460,2468460,BLAST・RNA-seq両方と一致,高確信度相当(格上げ): BLAST+GCA旧アノテーションの2系統一致
MA_RS10380,MA_1993,2469807,BLAST,2469834,2469834,BLAST・RNA-seq両方と一致,高確信度相当(格上げ): BLAST+GCA旧アノテーションの2系統一致
MA_RS10400,MA_1997,2473620,BLAST,2473596,2473596,BLAST・RNA-seq両方と一致,高確信度相当(格上げ): BLAST+GCA旧アノテーションの2系統一致
MA_RS10425,MA_2002,2483259,BLAST,2483253,2483265,いずれとも異なる(第3の候補),中確信度: 上流への延長の可能性(片方の証拠のみ)
MA_RS10440,MA_2005,2486764,BLAST,2486716,2486731,いずれとも異なる(第3の候補),中確信度: 上流への延長の可能性(片方の証拠のみ)
MA_RS28195,MA_2006,2488752,BLAST,2488758,2488758,BLAST・RNA-seq両方と一致,高確信度相当(格上げ): BLAST+GCA旧アノテーションの2系統一致
MA_RS24535,MA_2017,2506369,BLAST,2506381,2506285,いずれとも異なる(第3の候補),中確信度: 上流への延長の可能性(片方の証拠のみ)
MA_RS10505,MA_2019,2508275,BLAST,2508326,2508326,BLAST・RNA-seq両方と一致,高確信度相当(格上げ): BLAST+GCA旧アノテーションの2系統一致
MA_RS10515,MA_2021,2511102,BLAST,2511171,2511171,BLASTと一致,高確信度相当(格上げ): BLAST+GCA旧アノテーションの2系統一致
MA_RS10525,MA_2023,2513521,RNA-seq,2513443,2513437,いずれとも異なる(第3の候補),中確信度: 上流への延長の可能性(片方の証拠のみ)
MA_RS10640,MA_2044,2534476,BLAST,2534485,2534485,BLASTと一致,高確信度相当(格上げ): BLAST+GCA旧アノテーションの2系統一致
MA_RS10645,MA_2045,2541131,BLAST,2541140,2541140,BLASTと一致,高確信度相当(格上げ): BLAST+GCA旧アノテーションの2系統一致
MA_RS10720,MA_2061,2555964,BLAST,2555931,2555931,BLAST・RNA-seq両方と一致,高確信度相当(格上げ): BLAST+GCA旧アノテーションの2系統一致
MA_RS10745,MA_2067,2560580,BLAST,2560562,2560562,BLASTと一致,高確信度相当(格上げ): BLAST+GCA旧アノテーションの2系統一致
MA_RS24555,MA_2075,2568427,BLAST,2568418,2568418,BLAST・RNA-seq両方と一致,高確信度相当(格上げ): BLAST+GCA旧アノテーションの2系統一致
MA_RS10795,MA_2078,2573860,BLAST,2573878,2573878,BLASTと一致,高確信度相当(格上げ): BLAST+GCA旧アノテーションの2系統一致
MA_RS10825,MA_2084,2583128,BLAST,2583071,2583071,BLAST・RNA-seq両方と一致,高確信度相当(格上げ): BLAST+GCA旧アノテーションの2系統一致
MA_RS10830,MA_2085,2583770,BLAST,2583749,2583749,BLAST・RNA-seq両方と一致,高確信度相当(格上げ): BLAST+GCA旧アノテーションの2系統一致
MA_RS10835,MA_2086,2585279,BLAST,2585240,2585240,BLASTと一致,高確信度相当(格上げ): BLAST+GCA旧アノテーションの2系統一致
MA_RS10845,MA_2088,2587478,BLAST,2587313,2587313,BLASTと一致,高確信度相当(格上げ): BLAST+GCA旧アノテーションの2系統一致
MA_RS10885,MA_2096,2595973,BLAST,2595979,2595979,BLAST・RNA-seq両方と一致,高確信度相当(格上げ): BLAST+GCA旧アノテーションの2系統一致
MA_RS10900,MA_2099,2598834,BLAST,2598777,2598777,BLASTと一致,高確信度相当(格上げ): BLAST+GCA旧アノテーションの2系統一致
MA_RS10920,MA_2103,2606204,BLAST,2606231,2606231,BLAST・RNA-seq両方と一致,高確信度相当(格上げ): BLAST+GCA旧アノテーションの2系統一致
MA_RS11010,MA_2121,2627856,BLAST,2627862,2627862,BLASTと一致,高確信度相当(格上げ): BLAST+GCA旧アノテーションの2系統一致
MA_RS11035,MA_2124,2632107,BLAST,2632077,2632077,BLASTと一致,高確信度相当(格上げ): BLAST+GCA旧アノテーションの2系統一致
MA_RS11045,MA_2126,2634392,BLAST,2634380,2634380,BLASTと一致,高確信度相当(格上げ): BLAST+GCA旧アノテーションの2系統一致
MA_RS11085,MA_2133,2638824,BLAST,2638872,2638872,BLASTと一致,高確信度相当(格上げ): BLAST+GCA旧アノテーションの2系統一致
MA_RS11115,MA_2139,2644134,BLAST,2644101,2644101,BLAST・RNA-seq両方と一致,高確信度相当(格上げ): BLAST+GCA旧アノテーションの2系統一致
MA_RS11155,MA_2148,2658984,BLAST,2658876,2658876,BLASTと一致,高確信度相当(格上げ): BLAST+GCA旧アノテーションの2系統一致
MA_RS11160,MA_2149,2660075,BLAST,2660051,2660051,BLASTと一致,高確信度相当(格上げ): BLAST+GCA旧アノテーションの2系統一致
MA_RS11165,MA_2150,2661115,BLAST,2661112,2661112,BLASTと一致,高確信度相当(格上げ): BLAST+GCA旧アノテーションの2系統一致
MA_RS11210,MA_2159,2668880,BLAST,2668859,2668859,BLASTと一致,高確信度相当(格上げ): BLAST+GCA旧アノテーションの2系統一致
MA_RS11265,MA_2171,2678066,BLAST,2678015,2678015,BLASTと一致,高確信度相当(格上げ): BLAST+GCA旧アノテーションの2系統一致
MA_RS11295,MA_2177,2682900,BLAST,2682840,2682840,BLASTと一致,高確信度相当(格上げ): BLAST+GCA旧アノテーションの2系統一致
MA_RS11305,MA_2179,2685164,BLAST,2685032,2685062,RNA-seqと一致,中確信度: 上流への延長の可能性(片方の証拠のみ)
MA_RS11310,MA_2180,2687120,BLAST,2687117,2687117,BLASTと一致,高確信度相当(格上げ): BLAST+GCA旧アノテーションの2系統一致
MA_RS11320,MA_2182,2690681,BLAST,2690729,2690696,RNA-seqと一致,中確信度: 上流への延長の可能性(片方の証拠のみ)
MA_RS11340,MA_2186,2694796,BLAST,2694805,2694805,BLAST・RNA-seq両方と一致,高確信度相当(格上げ): BLAST+GCA旧アノテーションの2系統一致
MA_RS11430,MA_2205,2714475,RNA-seq,2714517,2714640,いずれとも異なる(第3の候補),中確信度: 上流への延長の可能性(片方の証拠のみ)
MA_RS11465,MA_2212,2722379,BLAST,2722364,2722364,BLASTと一致,高確信度相当(格上げ): BLAST+GCA旧アノテーションの2系統一致
MA_RS11490,MA_2214,2725199,BLAST,2725187,2725187,BLASTと一致,高確信度相当(格上げ): BLAST+GCA旧アノテーションの2系統一致
MA_RS11680,MA_2253,2768993,BLAST,2768960,2768960,BLASTと一致,高確信度相当(格上げ): BLAST+GCA旧アノテーションの2系統一致
MA_RS11715,MA_2257,2779354,BLAST,2779363,2779363,BLASTと一致,高確信度相当(格上げ): BLAST+GCA旧アノテーションの2系統一致
MA_RS11725,MA_2259,2781429,BLAST,2781462,2781462,BLASTと一致,高確信度相当(格上げ): BLAST+GCA旧アノテーションの2系統一致
MA_RS11765,MA_2266,2789677,BLAST,2789698,2789698,BLASTと一致,高確信度相当(格上げ): BLAST+GCA旧アノテーションの2系統一致
MA_RS11790,MA_2272,2795517,BLAST,2795526,2795526,BLAST・RNA-seq両方と一致,高確信度相当(格上げ): BLAST+GCA旧アノテーションの2系統一致
MA_RS11795,MA_2273,2796899,BLAST,2796914,2796731,いずれとも異なる(第3の候補),中確信度: 上流への延長の可能性(片方の証拠のみ)
MA_RS11815,MA_2278,2800102,BLAST,2800171,2800171,BLAST・RNA-seq両方と一致,高確信度相当(格上げ): BLAST+GCA旧アノテーションの2系統一致
MA_RS24590,MA_2284,2806534,BLAST,2806456,2806456,BLAST・RNA-seq両方と一致,高確信度相当(格上げ): BLAST+GCA旧アノテーションの2系統一致
MA_RS11865,MA_2287,2813321,BLAST,2813363,2813363,BLASTと一致,高確信度相当(格上げ): BLAST+GCA旧アノテーションの2系統一致
MA_RS11925,MA_2296,2824983,BLAST,2824935,2824935,BLAST・RNA-seq両方と一致,高確信度相当(格上げ): BLAST+GCA旧アノテーションの2系統一致
MA_RS11935,MA_2298,2826238,BLAST,2826229,2826229,BLASTと一致,高確信度相当(格上げ): BLAST+GCA旧アノテーションの2系統一致
MA_RS11960,MA_2303,2834590,BLAST,2834572,2834572,BLASTと一致,高確信度相当(格上げ): BLAST+GCA旧アノテーションの2系統一致
MA_RS11990,MA_2308,2841638,BLAST,2841644,2841644,BLASTと一致,高確信度相当(格上げ): BLAST+GCA旧アノテーションの2系統一致
MA_RS12050,MA_2322,2857577,BLAST,2857580,2857433,いずれとも異なる(第3の候補),中確信度: 上流への延長の可能性(片方の証拠のみ)
MA_RS12055,MA_2323,2858398,BLAST,2858395,2858395,BLAST・RNA-seq両方と一致,高確信度相当(格上げ): BLAST+GCA旧アノテーションの2系統一致
MA_RS12075,MA_2327,2864665,BLAST,2864368,2864308,いずれとも異なる(第3の候補),中確信度: 上流への延長の可能性(片方の証拠のみ)
MA_RS12110,MA_2335,2872703,BLAST,2872604,2872604,BLAST・RNA-seq両方と一致,高確信度相当(格上げ): BLAST+GCA旧アノテーションの2系統一致
MA_RS12115,MA_2337,2875248,BLAST,2875239,2875458,いずれとも異なる(第3の候補),中確信度: 上流への延長の可能性(片方の証拠のみ)
MA_RS12130,MA_2340,2879753,BLAST,2879750,2879750,BLAST・RNA-seq両方と一致,高確信度相当(格上げ): BLAST+GCA旧アノテーションの2系統一致
MA_RS12135,MA_2341,2880905,BLAST,2880968,2880968,BLAST・RNA-seq両方と一致,高確信度相当(格上げ): BLAST+GCA旧アノテーションの2系統一致
MA_RS12155,MA_2345,2886316,BLAST,2886295,2886295,BLAST・RNA-seq両方と一致,高確信度相当(格上げ): BLAST+GCA旧アノテーションの2系統一致
MA_RS12165,MA_2347,2889363,BLAST,2889342,2889342,BLASTと一致,高確信度相当(格上げ): BLAST+GCA旧アノテーションの2系統一致
MA_RS12245,MA_2362,2917652,BLAST,2917679,2917679,BLAST・RNA-seq両方と一致,高確信度相当(格上げ): BLAST+GCA旧アノテーションの2系統一致
MA_RS12265,MA_2366,2925885,BLAST,2925921,2925921,BLASTと一致,高確信度相当(格上げ): BLAST+GCA旧アノテーションの2系統一致
MA_RS12305,MA_2373,2938998,BLAST,2939007,2939007,BLAST・RNA-seq両方と一致,高確信度相当(格上げ): BLAST+GCA旧アノテーションの2系統一致
MA_RS12310,MA_2374,2939704,BLAST,2939722,2939722,BLASTと一致,高確信度相当(格上げ): BLAST+GCA旧アノテーションの2系統一致
MA_RS12345,MA_2380,2944122,BLAST,2944110,2944110,BLAST・RNA-seq両方と一致,高確信度相当(格上げ): BLAST+GCA旧アノテーションの2系統一致
MA_RS12365,MA_2384,2950991,BLAST,2950904,2950904,BLASTと一致,高確信度相当(格上げ): BLAST+GCA旧アノテーションの2系統一致
MA_RS12375,MA_2386,2955023,BLAST,2955008,2955008,BLAST・RNA-seq両方と一致,高確信度相当(格上げ): BLAST+GCA旧アノテーションの2系統一致
MA_RS12380,MA_2387,2956182,BLAST,2956209,2956209,BLAST・RNA-seq両方と一致,高確信度相当(格上げ): BLAST+GCA旧アノテーションの2系統一致
MA_RS12395,MA_2389,2957878,BLAST,2957908,2957908,BLASTと一致,高確信度相当(格上げ): BLAST+GCA旧アノテーションの2系統一致
MA_RS12530,MA_2414,2990012,BLAST,2989838,2989832,いずれとも異なる(第3の候補),中確信度: 上流への延長の可能性(片方の証拠のみ)
MA_RS12565,MA_2421,3000480,BLAST,3000528,3000528,BLASTと一致,高確信度相当(格上げ): BLAST+GCA旧アノテーションの2系統一致
MA_RS12570,MA_2422,3000967,BLAST,3000940,3000979,いずれとも異なる(第3の候補),中確信度: 上流への延長の可能性(片方の証拠のみ)
MA_RS12575,MA_2423,3001749,BLAST,3001746,3001746,BLASTと一致,高確信度相当(格上げ): BLAST+GCA旧アノテーションの2系統一致
MA_RS12595,MA_2426,3005565,BLAST,3005553,3005553,BLASTと一致,高確信度相当(格上げ): BLAST+GCA旧アノテーションの2系統一致
MA_RS12605,MA_2428,3011258,BLAST,3011309,3011309,BLAST・RNA-seq両方と一致,高確信度相当(格上げ): BLAST+GCA旧アノテーションの2系統一致
MA_RS12675,MA_2441,3029233,BLAST,3029254,3029254,BLASTと一致,高確信度相当(格上げ): BLAST+GCA旧アノテーションの2系統一致
MA_RS12680,MA_2442,3029809,BLAST,3029770,3029770,BLAST・RNA-seq両方と一致,高確信度相当(格上げ): BLAST+GCA旧アノテーションの2系統一致
MA_RS12700,MA_2445,3032492,BLAST,3032468,3032468,BLASTと一致,高確信度相当(格上げ): BLAST+GCA旧アノテーションの2系統一致
MA_RS12715,MA_2448,3036820,BLAST,3036874,3036874,BLAST・RNA-seq両方と一致,高確信度相当(格上げ): BLAST+GCA旧アノテーションの2系統一致
MA_RS12770,MA_2456,3048044,BLAST,3048053,3048053,BLAST・RNA-seq両方と一致,高確信度相当(格上げ): BLAST+GCA旧アノテーションの2系統一致
MA_RS12780,MA_2457,3050386,BLAST,3050431,3050431,BLAST・RNA-seq両方と一致,高確信度相当(格上げ): BLAST+GCA旧アノテーションの2系統一致
MA_RS12800,MA_2462,3057607,BLAST,3057610,3057610,BLAST・RNA-seq両方と一致,高確信度相当(格上げ): BLAST+GCA旧アノテーションの2系統一致
MA_RS12810,MA_2464,3059416,BLAST,3059452,3059452,BLASTと一致,高確信度相当(格上げ): BLAST+GCA旧アノテーションの2系統一致
MA_RS12830,MA_2467,3062409,BLAST,3062424,3062424,BLASTと一致,高確信度相当(格上げ): BLAST+GCA旧アノテーションの2系統一致
MA_RS12835,MA_2468,3063424,BLAST,3063589,3063589,BLASTと一致,高確信度相当(格上げ): BLAST+GCA旧アノテーションの2系統一致
MA_RS12870,MA_2476,3072889,BLAST,3072919,3072919,BLAST・RNA-seq両方と一致,高確信度相当(格上げ): BLAST+GCA旧アノテーションの2系統一致
MA_RS12880,MA_2477,3074935,BLAST,3074965,3074965,BLASTと一致,高確信度相当(格上げ): BLAST+GCA旧アノテーションの2系統一致
MA_RS12895,MA_2480,3077627,BLAST,3077711,3077711,BLASTと一致,高確信度相当(格上げ): BLAST+GCA旧アノテーションの2系統一致
MA_RS12920,MA_2485,3082971,BLAST,3082992,3083031,いずれとも異なる(第3の候補),中確信度: 上流への延長の可能性(片方の証拠のみ)
MA_RS12925,MA_2486,3084644,BLAST,3084650,3084647,いずれとも異なる(第3の候補),中確信度: 上流への延長の可能性(片方の証拠のみ)
MA_RS12940,MA_2488,3086065,BLAST,3086083,3086083,BLASTと一致,高確信度相当(格上げ): BLAST+GCA旧アノテーションの2系統一致
MA_RS12980,MA_2496,3094832,BLAST,3094811,3094811,BLASTと一致,高確信度相当(格上げ): BLAST+GCA旧アノテーションの2系統一致
MA_RS12985,MA_2497,3095829,BLAST,3095817,3095817,BLAST・RNA-seq両方と一致,高確信度相当(格上げ): BLAST+GCA旧アノテーションの2系統一致
MA_RS12995,MA_2499,3098651,BLAST,3098696,3098654,いずれとも異なる(第3の候補),中確信度: 上流への延長の可能性(片方の証拠のみ)
MA_RS13015,MA_2503,3105366,BLAST,3105375,3105405,いずれとも異なる(第3の候補),中確信度: 上流への延長の可能性(片方の証拠のみ)
MA_RS13030,MA_2506,3107180,BLAST,3107189,3107189,BLAST・RNA-seq両方と一致,高確信度相当(格上げ): BLAST+GCA旧アノテーションの2系統一致
MA_RS13040,MA_2508,3113263,BLAST,3113260,3113260,BLASTと一致,高確信度相当(格上げ): BLAST+GCA旧アノテーションの2系統一致
MA_RS13105,MA_2521,3131961,BLAST,3131955,3131955,BLASTと一致,高確信度相当(格上げ): BLAST+GCA旧アノテーションの2系統一致
MA_RS13120,MA_2523,3133591,BLAST,3133573,3133573,BLASTと一致,高確信度相当(格上げ): BLAST+GCA旧アノテーションの2系統一致
MA_RS13125,MA_2524,3135636,BLAST,3135618,3135618,BLAST・RNA-seq両方と一致,高確信度相当(格上げ): BLAST+GCA旧アノテーションの2系統一致
MA_RS13135,MA_2526,3140780,BLAST,3140798,3140798,BLASTと一致,高確信度相当(格上げ): BLAST+GCA旧アノテーションの2系統一致
MA_RS13155,MA_2529,3145373,BLAST,3145301,3145301,BLASTと一致,高確信度相当(格上げ): BLAST+GCA旧アノテーションの2系統一致
MA_RS13160,MA_2530,3146656,BLAST,3146650,3146650,BLASTと一致,高確信度相当(格上げ): BLAST+GCA旧アノテーションの2系統一致
MA_RS13195,MA_2537,3154803,BLAST,3154791,3154791,BLASTと一致,高確信度相当(格上げ): BLAST+GCA旧アノテーションの2系統一致
MA_RS13230,MA_2544,3164339,BLAST,3164255,3164255,BLASTと一致,高確信度相当(格上げ): BLAST+GCA旧アノテーションの2系統一致
MA_RS13235,MA_2545,3164908,BLAST,3164887,3164887,BLAST・RNA-seq両方と一致,高確信度相当(格上げ): BLAST+GCA旧アノテーションの2系統一致
MA_RS13275,MA_2553,3177712,BLAST,3177757,3177757,BLAST・RNA-seq両方と一致,高確信度相当(格上げ): BLAST+GCA旧アノテーションの2系統一致
MA_RS13310,MA_2560,3185315,BLAST,3185327,3185327,BLASTと一致,高確信度相当(格上げ): BLAST+GCA旧アノテーションの2系統一致
MA_RS13365,MA_2569,3195701,BLAST,3195668,3195668,BLAST・RNA-seq両方と一致,高確信度相当(格上げ): BLAST+GCA旧アノテーションの2系統一致
MA_RS13390,MA_2574,3202316,BLAST,3202364,3202364,BLAST・RNA-seq両方と一致,高確信度相当(格上げ): BLAST+GCA旧アノテーションの2系統一致
MA_RS13445,MA_2584,3216232,BLAST,3216451,3216559,いずれとも異なる(第3の候補),中確信度: 上流への延長の可能性(片方の証拠のみ)
MA_RS13480,MA_2589,3222234,BLAST,3222279,3222315,いずれとも異なる(第3の候補),中確信度: 上流への延長の可能性(片方の証拠のみ)
MA_RS13505,MA_2594,3224958,BLAST,3225060,3225060,BLASTと一致,高確信度相当(格上げ): BLAST+GCA旧アノテーションの2系統一致
MA_RS29815,MA_2598,3226417,BLAST,3226414,3226414,BLASTと一致,高確信度相当(格上げ): BLAST+GCA旧アノテーションの2系統一致
MA_RS13560,MA_2604,3237081,BLAST,3237354,3237261,いずれとも異なる(第3の候補),中確信度: 上流への延長の可能性(片方の証拠のみ)
MA_RS13580,MA_2607,3239365,BLAST,3239425,3239425,BLASTと一致,高確信度相当(格上げ): BLAST+GCA旧アノテーションの2系統一致
MA_RS13645,MA_2619,3248459,BLAST,3248465,3248417,いずれとも異なる(第3の候補),中確信度: 上流への延長の可能性(片方の証拠のみ)
MA_RS13660,MA_2622,3250240,BLAST,3250231,3250231,BLAST・RNA-seq両方と一致,高確信度相当(格上げ): BLAST+GCA旧アノテーションの2系統一致
MA_RS13685,MA_2627,3255085,BLAST,3255064,3255064,BLASTと一致,高確信度相当(格上げ): BLAST+GCA旧アノテーションの2系統一致
MA_RS13700,MA_2630,3259574,BLAST,3259520,3259520,BLAST・RNA-seq両方と一致,高確信度相当(格上げ): BLAST+GCA旧アノテーションの2系統一致
MA_RS13725,MA_2635,3265921,BLAST,3265867,3265831,いずれとも異なる(第3の候補),中確信度: 上流への延長の可能性(片方の証拠のみ)
MA_RS13730,MA_2636,3267202,BLAST,3267094,3267238,いずれとも異なる(第3の候補),中確信度: 上流への延長の可能性(片方の証拠のみ)
MA_RS13740,MA_2639,3269154,BLAST,3269067,3269097,いずれとも異なる(第3の候補),中確信度: 上流への延長の可能性(片方の証拠のみ)
MA_RS13750,MA_2641,3271158,BLAST,3271080,3271080,BLASTと一致,高確信度相当(格上げ): BLAST+GCA旧アノテーションの2系統一致
MA_RS13775,MA_2646,3276371,BLAST,3276344,3276344,BLAST・RNA-seq両方と一致,高確信度相当(格上げ): BLAST+GCA旧アノテーションの2系統一致
MA_RS13785,MA_2648,3278967,BLAST,3278850,3278850,BLASTと一致,高確信度相当(格上げ): BLAST+GCA旧アノテーションの2系統一致
MA_RS13795,MA_2649,3280969,BLAST,3280963,3281065,いずれとも異なる(第3の候補),中確信度: 上流への延長の可能性(片方の証拠のみ)
MA_RS25605,MA_2656,3290073,BLAST,3290082,3290082,BLAST・RNA-seq両方と一致,高確信度相当(格上げ): BLAST+GCA旧アノテーションの2系統一致
MA_RS13840,MA_2657,3291311,BLAST,3291281,3291281,BLAST・RNA-seq両方と一致,高確信度相当(格上げ): BLAST+GCA旧アノテーションの2系統一致
MA_RS13895,MA_2665,3299817,BLAST,3299700,3299700,BLAST・RNA-seq両方と一致,高確信度相当(格上げ): BLAST+GCA旧アノテーションの2系統一致
MA_RS13900,MA_2666,3302166,BLAST,3302181,3302181,BLASTと一致,高確信度相当(格上げ): BLAST+GCA旧アノテーションの2系統一致
MA_RS13925,MA_2670,3310299,BLAST,3310302,3310302,BLASTと一致,高確信度相当(格上げ): BLAST+GCA旧アノテーションの2系統一致
MA_RS28740,MA_2675,3319035,BLAST,3319077,3319077,BLAST・RNA-seq両方と一致,高確信度相当(格上げ): BLAST+GCA旧アノテーションの2系統一致
MA_RS13950,MA_2676,3319841,BLAST,3319832,3319832,BLAST・RNA-seq両方と一致,高確信度相当(格上げ): BLAST+GCA旧アノテーションの2系統一致
MA_RS13955,MA_2677,3321569,BLAST,3321470,3321509,RNA-seqと一致,中確信度: 上流への延長の可能性(片方の証拠のみ)
MA_RS13970,MA_2680,3327734,BLAST,3327791,3327743,いずれとも異なる(第3の候補),中確信度: 上流への延長の可能性(片方の証拠のみ)
MA_RS14020,MA_2686,3337140,BLAST,3337149,3337149,BLAST・RNA-seq両方と一致,高確信度相当(格上げ): BLAST+GCA旧アノテーションの2系統一致
MA_RS14025,MA_2687,3338295,BLAST,3338313,3338313,BLASTと一致,高確信度相当(格上げ): BLAST+GCA旧アノテーションの2系統一致
MA_RS14040,MA_4680,3340528,BLAST,3340543,3340543,BLASTと一致,高確信度相当(格上げ): BLAST+GCA旧アノテーションの2系統一致
MA_RS28745,MA_2697,3358778,BLAST,3358796,3358796,BLAST・RNA-seq両方と一致,高確信度相当(格上げ): BLAST+GCA旧アノテーションの2系統一致
MA_RS14160,MA_2705,3367786,BLAST,3367969,3367969,BLASTと一致,高確信度相当(格上げ): BLAST+GCA旧アノテーションの2系統一致
MA_RS14195,MA_2713,3379038,BLAST,3379029,3379029,BLASTと一致,高確信度相当(格上げ): BLAST+GCA旧アノテーションの2系統一致
MA_RS14215,MA_2716,3386885,BLAST,3386903,3386903,BLASTと一致,高確信度相当(格上げ): BLAST+GCA旧アノテーションの2系統一致
MA_RS14255,MA_2724,3396469,BLAST,3396484,3396415,いずれとも異なる(第3の候補),中確信度: 上流への延長の可能性(片方の証拠のみ)
MA_RS14285,MA_2730,3406389,BLAST,3406401,3406401,BLAST・RNA-seq両方と一致,高確信度相当(格上げ): BLAST+GCA旧アノテーションの2系統一致
MA_RS14290,MA_2731,3407877,BLAST,3407886,3407886,BLASTと一致,高確信度相当(格上げ): BLAST+GCA旧アノテーションの2系統一致
MA_RS14365,MA_2741,3423097,BLAST,3423031,3423031,BLASTと一致,高確信度相当(格上げ): BLAST+GCA旧アノテーションの2系統一致
MA_RS14370,MA_2742,3424172,BLAST,3424181,3424181,BLAST・RNA-seq両方と一致,高確信度相当(格上げ): BLAST+GCA旧アノテーションの2系統一致
MA_RS14385,MA_2746,3427573,BLAST,3427582,3427582,BLAST・RNA-seq両方と一致,高確信度相当(格上げ): BLAST+GCA旧アノテーションの2系統一致
MA_RS28215,MA_2750,3431807,BLAST,3431837,3431837,BLAST・RNA-seq両方と一致,高確信度相当(格上げ): BLAST+GCA旧アノテーションの2系統一致
MA_RS28765,MA_2755,3436678,BLAST,3436714,3436714,BLAST・RNA-seq両方と一致,高確信度相当(格上げ): BLAST+GCA旧アノテーションの2系統一致
MA_RS14435,MA_2756,3438545,BLAST,3438617,3438617,BLAST・RNA-seq両方と一致,高確信度相当(格上げ): BLAST+GCA旧アノテーションの2系統一致
MA_RS24650,MA_2760,3443944,BLAST,3443980,3443980,BLAST・RNA-seq両方と一致,高確信度相当(格上げ): BLAST+GCA旧アノテーションの2系統一致
MA_RS24655,MA_2765,3450145,BLAST,3450154,3450154,BLAST・RNA-seq両方と一致,高確信度相当(格上げ): BLAST+GCA旧アノテーションの2系統一致
MA_RS14520,MA_2772,3457371,BLAST,3457344,3457344,BLASTと一致,高確信度相当(格上げ): BLAST+GCA旧アノテーションの2系統一致
MA_RS14525,MA_2773,3458513,BLAST,3458504,3458504,BLASTと一致,高確信度相当(格上げ): BLAST+GCA旧アノテーションの2系統一致
MA_RS14540,MA_2777,3462924,BLAST,3462939,3462939,BLAST・RNA-seq両方と一致,高確信度相当(格上げ): BLAST+GCA旧アノテーションの2系統一致
MA_RS14550,MA_2779,3464456,BLAST,3464474,3464474,BLAST・RNA-seq両方と一致,高確信度相当(格上げ): BLAST+GCA旧アノテーションの2系統一致
MA_RS14570,MA_2783,3468465,BLAST,3468525,3468525,BLASTと一致,高確信度相当(格上げ): BLAST+GCA旧アノテーションの2系統一致
MA_RS14610,MA_2791,3476474,BLAST,3476450,3476450,BLAST・RNA-seq両方と一致,高確信度相当(格上げ): BLAST+GCA旧アノテーションの2系統一致
MA_RS28800,MA_2793,3479655,BLAST,3479652,3479652,BLASTと一致,高確信度相当(格上げ): BLAST+GCA旧アノテーションの2系統一致
MA_RS27210,MA_2795,3488579,BLAST,3488360,3488054,いずれとも異なる(第3の候補),中確信度: 上流への延長の可能性(片方の証拠のみ)
MA_RS14685,MA_2803,3497049,BLAST,3497016,3497016,BLAST・RNA-seq両方と一致,高確信度相当(格上げ): BLAST+GCA旧アノテーションの2系統一致
MA_RS14735,MA_2811,3508644,BLAST,3508611,3508611,BLASTと一致,高確信度相当(格上げ): BLAST+GCA旧アノテーションの2系統一致
MA_RS14765,MA_2816,3514901,BLAST,3514793,3514793,BLAST・RNA-seq両方と一致,高確信度相当(格上げ): BLAST+GCA旧アノテーションの2系統一致
MA_RS14805,MA_2824,3523869,BLAST,3523851,3523851,BLASTと一致,高確信度相当(格上げ): BLAST+GCA旧アノテーションの2系統一致
MA_RS14860,MA_2833,3536222,BLAST,3536195,3536195,BLASTと一致,高確信度相当(格上げ): BLAST+GCA旧アノテーションの2系統一致
MA_RS14870,MA_2835,3540642,BLAST,3540663,3540663,BLASTと一致,高確信度相当(格上げ): BLAST+GCA旧アノテーションの2系統一致
MA_RS14875,MA_2836,3540720,BLAST,3540642,3540642,BLASTと一致,高確信度相当(格上げ): BLAST+GCA旧アノテーションの2系統一致
MA_RS14885,MA_2838,3543351,BLAST,3543267,3543342,いずれとも異なる(第3の候補),中確信度: 上流への延長の可能性(片方の証拠のみ)
MA_RS14895,MA_2840,3545900,BLAST,3545891,3545963,いずれとも異なる(第3の候補),中確信度: 上流への延長の可能性(片方の証拠のみ)
MA_RS14905,MA_2842,3548559,BLAST,3548505,3548505,BLAST・RNA-seq両方と一致,高確信度相当(格上げ): BLAST+GCA旧アノテーションの2系統一致
MA_RS14910,MA_2843,3549600,BLAST,3549591,3549591,BLAST・RNA-seq両方と一致,高確信度相当(格上げ): BLAST+GCA旧アノテーションの2系統一致
MA_RS14935,MA_2846,3558338,BLAST,3558341,3558341,BLASTと一致,高確信度相当(格上げ): BLAST+GCA旧アノテーションの2系統一致
MA_RS14950,MA_2849,3561563,BLAST,3561587,3561587,BLASTと一致,高確信度相当(格上げ): BLAST+GCA旧アノテーションの2系統一致
MA_RS15000,MA_2856,3569227,BLAST,3569197,3569197,BLASTと一致,高確信度相当(格上げ): BLAST+GCA旧アノテーションの2系統一致
MA_RS15015,MA_2860,3575522,BLAST,3575555,3575555,BLASTと一致,高確信度相当(格上げ): BLAST+GCA旧アノテーションの2系統一致
MA_RS15075,MA_2873,3587960,BLAST,3587927,3587927,BLAST・RNA-seq両方と一致,高確信度相当(格上げ): BLAST+GCA旧アノテーションの2系統一致
MA_RS15110,MA_2880,3592625,BLAST,3592520,3592520,BLAST・RNA-seq両方と一致,高確信度相当(格上げ): BLAST+GCA旧アノテーションの2系統一致
MA_RS15165,MA_2891,3609519,BLAST,3609501,3609501,BLASTと一致,高確信度相当(格上げ): BLAST+GCA旧アノテーションの2系統一致
MA_RS15210,MA_2901,3625485,BLAST,3625488,3625488,BLASTと一致,高確信度相当(格上げ): BLAST+GCA旧アノテーションの2系統一致
MA_RS15225,MA_2904,3627384,BLAST,3627363,3627363,BLASTと一致,高確信度相当(格上げ): BLAST+GCA旧アノテーションの2系統一致
MA_RS15235,MA_2906,3630418,BLAST,3630427,3630514,いずれとも異なる(第3の候補),中確信度: 上流への延長の可能性(片方の証拠のみ)
MA_RS15245,MA_2908,3633504,BLAST,3633543,3633543,BLASTと一致,高確信度相当(格上げ): BLAST+GCA旧アノテーションの2系統一致
MA_RS15265,MA_2912,3640451,BLAST,3640460,3640460,BLAST・RNA-seq両方と一致,高確信度相当(格上げ): BLAST+GCA旧アノテーションの2系統一致
MA_RS15290,MA_2919,3646186,BLAST,3646057,3646057,BLAST・RNA-seq両方と一致,高確信度相当(格上げ): BLAST+GCA旧アノテーションの2系統一致
MA_RS15295,MA_2920,3646896,BLAST,3646887,3646887,BLAST・RNA-seq両方と一致,高確信度相当(格上げ): BLAST+GCA旧アノテーションの2系統一致
MA_RS28840,MA_2926,3654103,BLAST,3654109,3654109,BLASTと一致,高確信度相当(格上げ): BLAST+GCA旧アノテーションの2系統一致
MA_RS15325,MA_2927,3655319,BLAST,3655292,3655292,BLAST・RNA-seq両方と一致,高確信度相当(格上げ): BLAST+GCA旧アノテーションの2系統一致
MA_RS15405,MA_2942,3673995,BLAST,3674007,3674007,BLASTと一致,高確信度相当(格上げ): BLAST+GCA旧アノテーションの2系統一致
MA_RS15505,MA_2958,3691043,BLAST,3691058,3691058,BLASTと一致,高確信度相当(格上げ): BLAST+GCA旧アノテーションの2系統一致
MA_RS15510,MA_2959,3691521,BLAST,3691455,3691455,BLAST・RNA-seq両方と一致,高確信度相当(格上げ): BLAST+GCA旧アノテーションの2系統一致
MA_RS15550,MA_2967,3703823,BLAST,3704009,3704009,BLASTと一致,高確信度相当(格上げ): BLAST+GCA旧アノテーションの2系統一致
MA_RS15560,MA_2969,3705929,BLAST,3705917,3705917,BLAST・RNA-seq両方と一致,高確信度相当(格上げ): BLAST+GCA旧アノテーションの2系統一致
MA_RS15625,MA_2979,3715401,BLAST,3715458,3715458,BLAST・RNA-seq両方と一致,高確信度相当(格上げ): BLAST+GCA旧アノテーションの2系統一致
MA_RS15640,MA_2982,3717680,BLAST,3717611,3717611,BLAST・RNA-seq両方と一致,高確信度相当(格上げ): BLAST+GCA旧アノテーションの2系統一致
MA_RS15670,MA_2988,3725608,BLAST,3725677,3725677,BLASTと一致,高確信度相当(格上げ): BLAST+GCA旧アノテーションの2系統一致
MA_RS15695,MA_2993,3730495,BLAST,3730513,3730471,いずれとも異なる(第3の候補),中確信度: 上流への延長の可能性(片方の証拠のみ)
MA_RS15705,MA_2995,3732389,BLAST,3732428,3732407,いずれとも異なる(第3の候補),中確信度: 上流への延長の可能性(片方の証拠のみ)
MA_RS29480,MA_3001,3736514,BLAST,3736499,3736499,BLASTと一致,高確信度相当(格上げ): BLAST+GCA旧アノテーションの2系統一致
MA_RS15745,MA_3006,3739179,BLAST,3739146,3739146,BLASTと一致,高確信度相当(格上げ): BLAST+GCA旧アノテーションの2系統一致
MA_RS15750,MA_3007,3740041,BLAST,3740035,3740035,BLASTと一致,高確信度相当(格上げ): BLAST+GCA旧アノテーションの2系統一致
MA_RS15755,MA_3008,3741869,BLAST,3741896,3741896,BLAST・RNA-seq両方と一致,高確信度相当(格上げ): BLAST+GCA旧アノテーションの2系統一致
MA_RS15785,MA_3015,3747033,BLAST,3747030,3747030,BLASTと一致,高確信度相当(格上げ): BLAST+GCA旧アノテーションの2系統一致
MA_RS15815,MA_3021,3753783,BLAST,3753750,3753771,いずれとも異なる(第3の候補),中確信度: 上流への延長の可能性(片方の証拠のみ)
MA_RS15830,MA_3024,3758146,BLAST,3758137,3758137,BLASTと一致,高確信度相当(格上げ): BLAST+GCA旧アノテーションの2系統一致
MA_RS15840,MA_3026,3761287,BLAST,3761398,3761335,いずれとも異なる(第3の候補),中確信度: 上流への延長の可能性(片方の証拠のみ)
MA_RS15870,MA_3030,3765072,BLAST,3765045,3765045,BLAST・RNA-seq両方と一致,高確信度相当(格上げ): BLAST+GCA旧アノテーションの2系統一致
MA_RS15945,MA_3047,3783508,BLAST,3783397,3783433,いずれとも異なる(第3の候補),中確信度: 上流への延長の可能性(片方の証拠のみ)
MA_RS15955,MA_3049,3786207,BLAST,3786195,3786153,いずれとも異なる(第3の候補),中確信度: 上流への延長の可能性(片方の証拠のみ)
MA_RS27310,MA_3053,3793292,BLAST,3793295,3793295,BLAST・RNA-seq両方と一致,高確信度相当(格上げ): BLAST+GCA旧アノテーションの2系統一致
MA_RS15980,MA_3055,3796068,BLAST,3796077,3796077,BLASTと一致,高確信度相当(格上げ): BLAST+GCA旧アノテーションの2系統一致
MA_RS16005,MA_3060,3800392,BLAST,3800431,3800431,BLASTと一致,高確信度相当(格上げ): BLAST+GCA旧アノテーションの2系統一致
MA_RS16030,MA_3065,3805162,BLAST,3805171,3805171,BLASTと一致,高確信度相当(格上げ): BLAST+GCA旧アノテーションの2系統一致
MA_RS16055,MA_3070,3810519,BLAST,3810588,3810588,BLASTと一致,高確信度相当(格上げ): BLAST+GCA旧アノテーションの2系統一致
MA_RS16060,MA_3071,3812605,BLAST,3812611,3812611,BLAST・RNA-seq両方と一致,高確信度相当(格上げ): BLAST+GCA旧アノテーションの2系統一致
MA_RS16070,MA_3073,3814373,BLAST,3814337,3814337,BLAST・RNA-seq両方と一致,高確信度相当(格上げ): BLAST+GCA旧アノテーションの2系統一致
MA_RS16075,MA_3074,3816370,BLAST,3816412,3816412,BLASTと一致,高確信度相当(格上げ): BLAST+GCA旧アノテーションの2系統一致
MA_RS16125,MA_3084,3827038,BLAST,3826999,3826999,BLASTと一致,高確信度相当(格上げ): BLAST+GCA旧アノテーションの2系統一致
MA_RS16140,MA_3086,3830873,BLAST,3831038,3831038,BLAST・RNA-seq両方と一致,高確信度相当(格上げ): BLAST+GCA旧アノテーションの2系統一致
MA_RS16145,MA_3087,3833994,BLAST,3834120,3834120,BLASTと一致,高確信度相当(格上げ): BLAST+GCA旧アノテーションの2系統一致
MA_RS16190,MA_3094,3842337,BLAST,3842262,3842262,BLASTと一致,高確信度相当(格上げ): BLAST+GCA旧アノテーションの2系統一致
MA_RS24730,MA_3101,3851064,BLAST,3851040,3851040,BLAST・RNA-seq両方と一致,高確信度相当(格上げ): BLAST+GCA旧アノテーションの2系統一致
MA_RS16250,MA_3105,3861507,BLAST,3861459,3861459,BLAST・RNA-seq両方と一致,高確信度相当(格上げ): BLAST+GCA旧アノテーションの2系統一致
MA_RS16265,MA_3109,3866804,RNA-seq,3866846,3866846,RNA-seqと一致,高確信度相当(格上げ): RNA-seq+GCA旧アノテーションの2系統一致
MA_RS16275,MA_3111,3868289,BLAST,3868304,3868304,BLASTと一致,高確信度相当(格上げ): BLAST+GCA旧アノテーションの2系統一致
MA_RS16300,MA_3117,3871970,BLAST,3871961,3871961,BLAST・RNA-seq両方と一致,高確信度相当(格上げ): BLAST+GCA旧アノテーションの2系統一致
MA_RS16305,MA_3118,3872796,BLAST,3872784,3872784,BLASTと一致,高確信度相当(格上げ): BLAST+GCA旧アノテーションの2系統一致
MA_RS16310,MA_3119,3874134,BLAST,3874125,3874125,BLAST・RNA-seq両方と一致,高確信度相当(格上げ): BLAST+GCA旧アノテーションの2系統一致
MA_RS16315,MA_3120,3874988,BLAST,3874976,3874976,BLASTと一致,高確信度相当(格上げ): BLAST+GCA旧アノテーションの2系統一致
MA_RS16325,MA_3122,3878876,BLAST,3878798,3878798,BLASTと一致,高確信度相当(格上げ): BLAST+GCA旧アノテーションの2系統一致
MA_RS16340,MA_3125,3882609,BLAST,3882483,3882483,BLASTと一致,高確信度相当(格上げ): BLAST+GCA旧アノテーションの2系統一致
MA_RS28875,MA_3133,3893955,BLAST,3893964,3893964,BLASTと一致,高確信度相当(格上げ): BLAST+GCA旧アノテーションの2系統一致
MA_RS16400,MA_3134,3894682,BLAST,3894616,3894616,BLAST・RNA-seq両方と一致,高確信度相当(格上げ): BLAST+GCA旧アノテーションの2系統一致
MA_RS16405,MA_3135,3895584,BLAST,3895563,3895563,BLASTと一致,高確信度相当(格上げ): BLAST+GCA旧アノテーションの2系統一致
MA_RS16425,MA_3139,3898288,BLAST,3898273,3898273,BLASTと一致,高確信度相当(格上げ): BLAST+GCA旧アノテーションの2系統一致
MA_RS16475,MA_3150,3911914,BLAST,3911959,3911959,BLASTと一致,高確信度相当(格上げ): BLAST+GCA旧アノテーションの2系統一致
MA_RS16525,MA_3161,3921059,BLAST,3921068,3921068,BLAST・RNA-seq両方と一致,高確信度相当(格上げ): BLAST+GCA旧アノテーションの2系統一致
MA_RS16545,MA_3165,3923121,BLAST,3923190,3923190,BLAST・RNA-seq両方と一致,高確信度相当(格上げ): BLAST+GCA旧アノテーションの2系統一致
MA_RS16555,MA_3167,3924477,BLAST,3924501,3924501,BLAST・RNA-seq両方と一致,高確信度相当(格上げ): BLAST+GCA旧アノテーションの2系統一致
MA_RS16590,MA_3174,3934621,BLAST,3934636,3934636,BLAST・RNA-seq両方と一致,高確信度相当(格上げ): BLAST+GCA旧アノテーションの2系統一致
MA_RS16620,MA_3181,3942319,BLAST,3942280,3942280,BLASTと一致,高確信度相当(格上げ): BLAST+GCA旧アノテーションの2系統一致
MA_RS16625,MA_3182,3945109,BLAST,3945142,3945142,BLAST・RNA-seq両方と一致,高確信度相当(格上げ): BLAST+GCA旧アノテーションの2系統一致
MA_RS16740,MA_3206,3970461,BLAST,3970491,3970491,BLASTと一致,高確信度相当(格上げ): BLAST+GCA旧アノテーションの2系統一致
MA_RS16900,MA_3238,3999683,BLAST,3999644,3999644,BLAST・RNA-seq両方と一致,高確信度相当(格上げ): BLAST+GCA旧アノテーションの2系統一致
MA_RS16935,MA_3246,4006576,BLAST,4006597,4006597,BLASTと一致,高確信度相当(格上げ): BLAST+GCA旧アノテーションの2系統一致
MA_RS16940,MA_3247,4008895,BLAST,4008904,4008904,BLASTと一致,高確信度相当(格上げ): BLAST+GCA旧アノテーションの2系統一致
MA_RS17005,MA_3259,4021451,BLAST,4021247,4021247,BLASTと一致,高確信度相当(格上げ): BLAST+GCA旧アノテーションの2系統一致
MA_RS17030,MA_3264,4027135,BLAST,4026982,4026982,BLASTと一致,高確信度相当(格上げ): BLAST+GCA旧アノテーションの2系統一致
MA_RS17065,MA_3270,4035322,BLAST,4035244,4035244,BLAST・RNA-seq両方と一致,高確信度相当(格上げ): BLAST+GCA旧アノテーションの2系統一致
MA_RS17070,MA_3271,4036752,BLAST,4036743,4036743,BLAST・RNA-seq両方と一致,高確信度相当(格上げ): BLAST+GCA旧アノテーションの2系統一致
MA_RS28905,MA_3272,4038674,BLAST,4038740,4038740,BLAST・RNA-seq両方と一致,高確信度相当(格上げ): BLAST+GCA旧アノテーションの2系統一致
MA_RS28915,MA_3274,4040179,BLAST,4040215,4040038,いずれとも異なる(第3の候補),中確信度: 上流への延長の可能性(片方の証拠のみ)
MA_RS17090,MA_3275,4041486,BLAST,4041528,4041528,BLAST・RNA-seq両方と一致,高確信度相当(格上げ): BLAST+GCA旧アノテーションの2系統一致
MA_RS17125,MA_3282,4048445,BLAST,4048433,4048433,BLASTと一致,高確信度相当(格上げ): BLAST+GCA旧アノテーションの2系統一致
MA_RS17175,MA_3292,4061901,BLAST,4061616,4061616,BLASTと一致,高確信度相当(格上げ): BLAST+GCA旧アノテーションの2系統一致
MA_RS17200,MA_3297,4068958,BLAST,4068949,4068949,BLASTと一致,高確信度相当(格上げ): BLAST+GCA旧アノテーションの2系統一致
MA_RS17255,MA_3302,4076683,BLAST,4076704,4076704,BLASTと一致,高確信度相当(格上げ): BLAST+GCA旧アノテーションの2系統一致
MA_RS17310,MA_3313,4085987,BLAST,4085930,4085930,BLASTと一致,高確信度相当(格上げ): BLAST+GCA旧アノテーションの2系統一致
MA_RS25815,MA_3316,4090404,BLAST,4090461,4090461,BLASTと一致,高確信度相当(格上げ): BLAST+GCA旧アノテーションの2系統一致
MA_RS17395,MA_3330,4110347,BLAST,4110419,4110419,BLASTと一致,高確信度相当(格上げ): BLAST+GCA旧アノテーションの2系統一致
MA_RS17405,MA_3334,4115174,BLAST,4115171,4115171,BLAST・RNA-seq両方と一致,高確信度相当(格上げ): BLAST+GCA旧アノテーションの2系統一致
MA_RS17425,MA_3338,4121842,BLAST,4121845,4121845,BLASTと一致,高確信度相当(格上げ): BLAST+GCA旧アノテーションの2系統一致
MA_RS17470,MA_3347,4134123,BLAST,4134129,4134129,BLASTと一致,高確信度相当(格上げ): BLAST+GCA旧アノテーションの2系統一致
MA_RS17580,MA_3369,4162200,BLAST,4162164,4162164,BLAST・RNA-seq両方と一致,高確信度相当(格上げ): BLAST+GCA旧アノテーションの2系統一致
MA_RS17590,MA_3371,4168489,BLAST,4168513,4168513,BLASTと一致,高確信度相当(格上げ): BLAST+GCA旧アノテーションの2系統一致
MA_RS17645,MA_3381,4180386,BLAST,4180452,4180452,BLASTと一致,高確信度相当(格上げ): BLAST+GCA旧アノテーションの2系統一致
MA_RS17705,MA_3392,4194841,BLAST,4194871,4194880,いずれとも異なる(第3の候補),中確信度: 上流への延長の可能性(片方の証拠のみ)
MA_RS17785,MA_3406,4212007,BLAST,4212013,4212013,BLASTと一致,高確信度相当(格上げ): BLAST+GCA旧アノテーションの2系統一致
MA_RS17790,MA_3407,4212213,BLAST,4212198,4212198,BLASTと一致,高確信度相当(格上げ): BLAST+GCA旧アノテーションの2系統一致
MA_RS17805,MA_3410,4216405,BLAST,4216396,4216396,BLAST・RNA-seq両方と一致,高確信度相当(格上げ): BLAST+GCA旧アノテーションの2系統一致
MA_RS17900,MA_3430,4232597,BLAST,4232564,4232564,BLASTと一致,高確信度相当(格上げ): BLAST+GCA旧アノテーションの2系統一致
MA_RS17940,MA_3437,4242276,BLAST,4242216,4242216,BLASTと一致,高確信度相当(格上げ): BLAST+GCA旧アノテーションの2系統一致
MA_RS17950,MA_3439,4243519,BLAST,4243510,4243510,BLASTと一致,高確信度相当(格上げ): BLAST+GCA旧アノテーションの2系統一致
MA_RS17960,MA_3441,4246270,BLAST,4246285,4246285,BLASTと一致,高確信度相当(格上げ): BLAST+GCA旧アノテーションの2系統一致
MA_RS18010,MA_3449,4255870,BLAST,4255864,4255864,BLASTと一致,高確信度相当(格上げ): BLAST+GCA旧アノテーションの2系統一致
MA_RS18015,MA_3450,4256782,BLAST,4256674,4256674,BLASTと一致,高確信度相当(格上げ): BLAST+GCA旧アノテーションの2系統一致
MA_RS18025,MA_3452,4258734,BLAST,4258695,4258695,BLASTと一致,高確信度相当(格上げ): BLAST+GCA旧アノテーションの2系統一致
MA_RS18030,MA_3453,4259985,BLAST,4259886,4259886,BLASTと一致,高確信度相当(格上げ): BLAST+GCA旧アノテーションの2系統一致
MA_RS18050,MA_3456,4265446,BLAST,4265452,4265452,BLASTと一致,高確信度相当(格上げ): BLAST+GCA旧アノテーションの2系統一致
MA_RS18080,MA_3461,4270669,BLAST,4270663,4270663,BLAST・RNA-seq両方と一致,高確信度相当(格上げ): BLAST+GCA旧アノテーションの2系統一致
MA_RS18095,MA_3464,4274088,BLAST,4273923,4274109,いずれとも異なる(第3の候補),中確信度: 上流への延長の可能性(片方の証拠のみ)
MA_RS18105,MA_3466,4276107,BLAST,4276035,4276035,BLAST・RNA-seq両方と一致,高確信度相当(格上げ): BLAST+GCA旧アノテーションの2系統一致
MA_RS18125,MA_3469,4280620,BLAST,4280638,4280638,BLASTと一致,高確信度相当(格上げ): BLAST+GCA旧アノテーションの2系統一致
MA_RS24770,MA_3471,4295529,BLAST,4295559,4295559,BLAST・RNA-seq両方と一致,高確信度相当(格上げ): BLAST+GCA旧アノテーションの2系統一致
MA_RS18175,MA_3477,4304895,BLAST,4304910,4304910,BLAST・RNA-seq両方と一致,高確信度相当(格上げ): BLAST+GCA旧アノテーションの2系統一致
MA_RS18195,MA_3481,4308644,BLAST,4308671,4308671,BLASTと一致,高確信度相当(格上げ): BLAST+GCA旧アノテーションの2系統一致
MA_RS18270,MA_3494,4328285,BLAST,4328234,4328234,BLASTと一致,高確信度相当(格上げ): BLAST+GCA旧アノテーションの2系統一致
MA_RS18275,MA_3495,4329656,BLAST,4329647,4329647,BLAST・RNA-seq両方と一致,高確信度相当(格上げ): BLAST+GCA旧アノテーションの2系統一致
MA_RS18295,MA_3499,4337027,BLAST,4336973,4336973,BLAST・RNA-seq両方と一致,高確信度相当(格上げ): BLAST+GCA旧アノテーションの2系統一致
MA_RS18345,MA_3509,4346148,BLAST,4346136,4346136,BLASTと一致,高確信度相当(格上げ): BLAST+GCA旧アノテーションの2系統一致
MA_RS18380,MA_3516,4353040,BLAST,4353148,4353148,BLASTと一致,高確信度相当(格上げ): BLAST+GCA旧アノテーションの2系統一致
MA_RS18400,MA_3522,4357829,BLAST,4357871,4357871,BLASTと一致,高確信度相当(格上げ): BLAST+GCA旧アノテーションの2系統一致
MA_RS18415,MA_3525,4359569,BLAST,4359389,4359389,BLASTと一致,高確信度相当(格上げ): BLAST+GCA旧アノテーションの2系統一致
MA_RS18445,MA_3531,4367611,BLAST,4367593,4367593,BLAST・RNA-seq両方と一致,高確信度相当(格上げ): BLAST+GCA旧アノテーションの2系統一致
MA_RS18450,MA_3532,4368371,BLAST,4368341,4368341,BLAST・RNA-seq両方と一致,高確信度相当(格上げ): BLAST+GCA旧アノテーションの2系統一致
MA_RS18465,MA_3535,4370564,BLAST,4370528,4370528,BLAST・RNA-seq両方と一致,高確信度相当(格上げ): BLAST+GCA旧アノテーションの2系統一致
MA_RS18480,MA_3538,4374032,BLAST,4374050,4374050,BLAST・RNA-seq両方と一致,高確信度相当(格上げ): BLAST+GCA旧アノテーションの2系統一致
MA_RS24775,MA_3543,4382156,BLAST,4382186,4382186,BLAST・RNA-seq両方と一致,高確信度相当(格上げ): BLAST+GCA旧アノテーションの2系統一致
MA_RS18550,MA_3552,4390961,BLAST,4390994,4390994,BLAST・RNA-seq両方と一致,高確信度相当(格上げ): BLAST+GCA旧アノテーションの2系統一致
MA_RS18570,MA_3556,4396350,BLAST,4396368,4396368,BLAST・RNA-seq両方と一致,高確信度相当(格上げ): BLAST+GCA旧アノテーションの2系統一致
MA_RS18760,MA_3596,4436838,BLAST,4436814,4436814,BLAST・RNA-seq両方と一致,高確信度相当(格上げ): BLAST+GCA旧アノテーションの2系統一致
MA_RS24790,MA_3597,4437669,BLAST,4437678,4437678,BLAST・RNA-seq両方と一致,高確信度相当(格上げ): BLAST+GCA旧アノテーションの2系統一致
MA_RS18790,MA_3602,4443776,BLAST,4443782,4443782,BLASTと一致,高確信度相当(格上げ): BLAST+GCA旧アノテーションの2系統一致
MA_RS18795,MA_3603,4444216,BLAST,4444237,4444237,BLAST・RNA-seq両方と一致,高確信度相当(格上げ): BLAST+GCA旧アノテーションの2系統一致
MA_RS18820,MA_3609,4450117,BLAST,4450063,4450063,BLAST・RNA-seq両方と一致,高確信度相当(格上げ): BLAST+GCA旧アノテーションの2系統一致
MA_RS18850,MA_3615,4461403,BLAST,4461412,4461412,BLASTと一致,高確信度相当(格上げ): BLAST+GCA旧アノテーションの2系統一致
MA_RS18940,MA_3633,4480285,BLAST,4480351,4480351,BLASTと一致,高確信度相当(格上げ): BLAST+GCA旧アノテーションの2系統一致
MA_RS18950,MA_3635,4482048,BLAST,4482084,4482084,BLASTと一致,高確信度相当(格上げ): BLAST+GCA旧アノテーションの2系統一致
MA_RS18955,MA_3636,4482517,BLAST,4482562,4482562,BLAST・RNA-seq両方と一致,高確信度相当(格上げ): BLAST+GCA旧アノテーションの2系統一致
MA_RS18970,MA_3639,4485322,BLAST,4485265,4485265,BLAST・RNA-seq両方と一致,高確信度相当(格上げ): BLAST+GCA旧アノテーションの2系統一致
MA_RS19005,MA_3645,4493729,BLAST,4493684,4493684,BLAST・RNA-seq両方と一致,高確信度相当(格上げ): BLAST+GCA旧アノテーションの2系統一致
MA_RS19020,MA_3649,4500391,BLAST,4500355,4500355,BLASTと一致,高確信度相当(格上げ): BLAST+GCA旧アノテーションの2系統一致
MA_RS19075,MA_3660,4511882,BLAST,4511900,4511900,BLASTと一致,高確信度相当(格上げ): BLAST+GCA旧アノテーションの2系統一致
MA_RS19085,MA_3662,4514626,BLAST,4514749,4514749,BLASTと一致,高確信度相当(格上げ): BLAST+GCA旧アノテーションの2系統一致
MA_RS24805,MA_3664,4517282,BLAST,4517315,4517450,いずれとも異なる(第3の候補),中確信度: 上流への延長の可能性(片方の証拠のみ)
MA_RS19185,MA_3682,4538527,BLAST,4538515,4538515,BLAST・RNA-seq両方と一致,高確信度相当(格上げ): BLAST+GCA旧アノテーションの2系統一致
MA_RS19190,MA_3683,4540138,BLAST,4540123,4540123,BLASTと一致,高確信度相当(格上げ): BLAST+GCA旧アノテーションの2系統一致
MA_RS19215,MA_3688,4545709,BLAST,4545661,4545661,BLAST・RNA-seq両方と一致,高確信度相当(格上げ): BLAST+GCA旧アノテーションの2系統一致
MA_RS19225,MA_3690,4548286,BLAST,4548181,4548181,BLAST・RNA-seq両方と一致,高確信度相当(格上げ): BLAST+GCA旧アノテーションの2系統一致
MA_RS28990,MA_3699,4568131,BLAST,4568248,4568248,BLAST・RNA-seq両方と一致,高確信度相当(格上げ): BLAST+GCA旧アノテーションの2系統一致
MA_RS19290,MA_3702,4578097,BLAST,4578106,4578106,BLASTと一致,高確信度相当(格上げ): BLAST+GCA旧アノテーションの2系統一致
MA_RS19295,MA_3703,4579473,BLAST,4579584,4579584,BLAST・RNA-seq両方と一致,高確信度相当(格上げ): BLAST+GCA旧アノテーションの2系統一致
MA_RS19330,MA_3710,4588995,BLAST,4589016,4589016,BLASTと一致,高確信度相当(格上げ): BLAST+GCA旧アノテーションの2系統一致
MA_RS19360,MA_3715,4595203,BLAST,4595254,4595254,BLAST・RNA-seq両方と一致,高確信度相当(格上げ): BLAST+GCA旧アノテーションの2系統一致
MA_RS19380,MA_3719,4598997,BLAST,4599054,4599054,BLAST・RNA-seq両方と一致,高確信度相当(格上げ): BLAST+GCA旧アノテーションの2系統一致
MA_RS19425,MA_3728,4606226,BLAST,4606220,4606220,BLASTと一致,高確信度相当(格上げ): BLAST+GCA旧アノテーションの2系統一致
MA_RS19430,MA_3729,4607006,BLAST,4606997,4606913,いずれとも異なる(第3の候補),中確信度: 上流への延長の可能性(片方の証拠のみ)
MA_RS19440,MA_3731,4608518,BLAST,4608530,4608530,BLAST・RNA-seq両方と一致,高確信度相当(格上げ): BLAST+GCA旧アノテーションの2系統一致
MA_RS19480,MA_3737,4612744,BLAST,4612729,4612729,BLASTと一致,高確信度相当(格上げ): BLAST+GCA旧アノテーションの2系統一致
MA_RS19505,MA_3743,4616947,BLAST,4616938,4616938,BLAST・RNA-seq両方と一致,高確信度相当(格上げ): BLAST+GCA旧アノテーションの2系統一致
MA_RS19525,MA_3747,4622867,BLAST,4622900,4622900,BLAST・RNA-seq両方と一致,高確信度相当(格上げ): BLAST+GCA旧アノテーションの2系統一致
MA_RS19545,MA_3751,4626364,BLAST,4626367,4626367,BLASTと一致,高確信度相当(格上げ): BLAST+GCA旧アノテーションの2系統一致
MA_RS19550,MA_3752,4629149,BLAST,4629239,4629239,BLASTと一致,高確信度相当(格上げ): BLAST+GCA旧アノテーションの2系統一致
MA_RS19650,MA_3773,4658802,BLAST,4658823,4658823,BLASTと一致,高確信度相当(格上げ): BLAST+GCA旧アノテーションの2系統一致
MA_RS19665,MA_3776,4660648,BLAST,4660660,4660660,BLASTと一致,高確信度相当(格上げ): BLAST+GCA旧アノテーションの2系統一致
MA_RS19715,MA_3786,4669652,BLAST,4669598,4669598,BLASTと一致,高確信度相当(格上げ): BLAST+GCA旧アノテーションの2系統一致
MA_RS19910,MA_3821,4702654,BLAST,4702453,4702453,BLASTと一致,高確信度相当(格上げ): BLAST+GCA旧アノテーションの2系統一致
MA_RS20035,MA_3841,4720733,BLAST,4720799,4720799,BLAST・RNA-seq両方と一致,高確信度相当(格上げ): BLAST+GCA旧アノテーションの2系統一致
MA_RS20060,MA_3845,4726397,BLAST,4726358,4726358,BLAST・RNA-seq両方と一致,高確信度相当(格上げ): BLAST+GCA旧アノテーションの2系統一致
MA_RS20075,MA_3849,4730811,BLAST,4730865,4730772,いずれとも異なる(第3の候補),中確信度: 上流への延長の可能性(片方の証拠のみ)
MA_RS20110,MA_3855,4737389,BLAST,4737380,4737380,BLAST・RNA-seq両方と一致,高確信度相当(格上げ): BLAST+GCA旧アノテーションの2系統一致
MA_RS20120,MA_3857,4739356,BLAST,4739362,4739362,BLASTと一致,高確信度相当(格上げ): BLAST+GCA旧アノテーションの2系統一致
MA_RS20130,MA_3859,4740864,BLAST,4740915,4740915,BLASTと一致,高確信度相当(格上げ): BLAST+GCA旧アノテーションの2系統一致
MA_RS20170,MA_3867,4752381,BLAST,4752396,4752396,BLASTと一致,高確信度相当(格上げ): BLAST+GCA旧アノテーションの2系統一致
MA_RS20190,MA_3871,4756155,BLAST,4756146,4756146,BLASTと一致,高確信度相当(格上げ): BLAST+GCA旧アノテーションの2系統一致
MA_RS20230,MA_3879,4767865,BLAST,4767892,4767892,BLAST・RNA-seq両方と一致,高確信度相当(格上げ): BLAST+GCA旧アノテーションの2系統一致
MA_RS20240,MA_3881,4772145,BLAST,4772127,4772127,BLASTと一致,高確信度相当(格上げ): BLAST+GCA旧アノテーションの2系統一致
MA_RS20245,MA_3882,4773481,BLAST,4773388,4773388,BLASTと一致,高確信度相当(格上げ): BLAST+GCA旧アノテーションの2系統一致
MA_RS20305,MA_3890,4783582,BLAST,4783546,4783546,BLASTと一致,高確信度相当(格上げ): BLAST+GCA旧アノテーションの2系統一致
MA_RS20320,MA_3893,4787124,BLAST,4787121,4787121,BLASTと一致,高確信度相当(格上げ): BLAST+GCA旧アノテーションの2系統一致
MA_RS20335,MA_3896,4790131,BLAST,4790122,4790122,BLASTと一致,高確信度相当(格上げ): BLAST+GCA旧アノテーションの2系統一致
MA_RS20365,MA_3902,4797309,BLAST,4797306,4797306,BLAST・RNA-seq両方と一致,高確信度相当(格上げ): BLAST+GCA旧アノテーションの2系統一致
MA_RS20395,MA_3907,4803824,BLAST,4803728,4803716,いずれとも異なる(第3の候補),中確信度: 上流への延長の可能性(片方の証拠のみ)
MA_RS20405,MA_3909,4805598,BLAST,4805514,4805514,BLASTと一致,高確信度相当(格上げ): BLAST+GCA旧アノテーションの2系統一致
MA_RS20415,MA_3910,4806819,BLAST,4806600,4806600,BLAST・RNA-seq両方と一致,高確信度相当(格上げ): BLAST+GCA旧アノテーションの2系統一致
MA_RS20470,MA_3921,4821266,BLAST,4821401,4821401,BLASTと一致,高確信度相当(格上げ): BLAST+GCA旧アノテーションの2系統一致
MA_RS20485,MA_3924,4823833,BLAST,4823740,4823740,BLASTと一致,高確信度相当(格上げ): BLAST+GCA旧アノテーションの2系統一致
MA_RS20490,MA_3925,4824967,BLAST,4824958,4824958,BLAST・RNA-seq両方と一致,高確信度相当(格上げ): BLAST+GCA旧アノテーションの2系統一致
MA_RS20495,MA_3926,4825801,BLAST,4825789,4825789,BLASTと一致,高確信度相当(格上げ): BLAST+GCA旧アノテーションの2系統一致
MA_RS20525,MA_3932,4830099,BLAST,4830177,4830228,いずれとも異なる(第3の候補),中確信度: 上流への延長の可能性(片方の証拠のみ)
MA_RS20555,MA_3939,4834442,BLAST,4834433,4834433,BLAST・RNA-seq両方と一致,高確信度相当(格上げ): BLAST+GCA旧アノテーションの2系統一致
MA_RS20570,MA_3942,4837070,BLAST,4837061,4837061,BLASTと一致,高確信度相当(格上げ): BLAST+GCA旧アノテーションの2系統一致
MA_RS20580,MA_3944,4838053,BLAST,4837996,4837996,BLAST・RNA-seq両方と一致,高確信度相当(格上げ): BLAST+GCA旧アノテーションの2系統一致
MA_RS20585,MA_3945,4838933,BLAST,4838918,4838918,BLAST・RNA-seq両方と一致,高確信度相当(格上げ): BLAST+GCA旧アノテーションの2系統一致
MA_RS20605,MA_3950,4844606,BLAST,4844666,4844666,BLAST・RNA-seq両方と一致,高確信度相当(格上げ): BLAST+GCA旧アノテーションの2系統一致
MA_RS20655,MA_3959,4856166,BLAST,4856151,4856151,BLASTと一致,高確信度相当(格上げ): BLAST+GCA旧アノテーションの2系統一致
MA_RS20665,MA_3960,4858207,BLAST,4857925,4857925,BLAST・RNA-seq両方と一致,高確信度相当(格上げ): BLAST+GCA旧アノテーションの2系統一致
MA_RS20680,MA_3963,4862486,BLAST,4862462,4862462,BLAST・RNA-seq両方と一致,高確信度相当(格上げ): BLAST+GCA旧アノテーションの2系統一致
MA_RS20695,MA_3967,4867532,BLAST,4867559,4867538,いずれとも異なる(第3の候補),中確信度: 上流への延長の可能性(片方の証拠のみ)
MA_RS20715,MA_3971,4870008,BLAST,4869999,4869999,BLAST・RNA-seq両方と一致,高確信度相当(格上げ): BLAST+GCA旧アノテーションの2系統一致
MA_RS20725,MA_3972,4874485,BLAST,4874500,4874500,BLAST・RNA-seq両方と一致,高確信度相当(格上げ): BLAST+GCA旧アノテーションの2系統一致
MA_RS20750,MA_3977,4881480,BLAST,4881396,4881396,BLASTと一致,高確信度相当(格上げ): BLAST+GCA旧アノテーションの2系統一致
MA_RS20820,MA_4674,4896609,BLAST,4896615,4896597,いずれとも異なる(第3の候補),中確信度: 上流への延長の可能性(片方の証拠のみ)
MA_RS20825,MA_3991,4897627,BLAST,4897642,4897642,BLAST・RNA-seq両方と一致,高確信度相当(格上げ): BLAST+GCA旧アノテーションの2系統一致
MA_RS20850,MA_3996,4901508,BLAST,4901574,4901541,RNA-seqと一致,中確信度: 上流への延長の可能性(片方の証拠のみ)
MA_RS20905,MA_4007,4917195,BLAST,4917213,4917213,BLASTと一致,高確信度相当(格上げ): BLAST+GCA旧アノテーションの2系統一致
MA_RS20940,MA_4014,4926667,BLAST,4926601,4926601,BLAST・RNA-seq両方と一致,高確信度相当(格上げ): BLAST+GCA旧アノテーションの2系統一致
MA_RS21015,MA_4027,4941117,BLAST,4941114,4941114,BLASTと一致,高確信度相当(格上げ): BLAST+GCA旧アノテーションの2系統一致
MA_RS21075,MA_4037,4954886,BLAST,4955012,4955123,いずれとも異なる(第3の候補),中確信度: 上流への延長の可能性(片方の証拠のみ)
MA_RS21085,MA_4039,4956803,BLAST,4956806,4956806,BLASTと一致,高確信度相当(格上げ): BLAST+GCA旧アノテーションの2系統一致
MA_RS21120,MA_4046,4964477,BLAST,4964489,4964489,BLASTと一致,高確信度相当(格上げ): BLAST+GCA旧アノテーションの2系統一致
MA_RS21145,MA_4051,4970425,BLAST,4970464,4970464,BLASTと一致,高確信度相当(格上げ): BLAST+GCA旧アノテーションの2系統一致
MA_RS21200,MA_4063,4981808,BLAST,4981883,4981883,BLAST・RNA-seq両方と一致,高確信度相当(格上げ): BLAST+GCA旧アノテーションの2系統一致
MA_RS21225,MA_4067,4986888,BLAST,4986879,4986879,BLAST・RNA-seq両方と一致,高確信度相当(格上げ): BLAST+GCA旧アノテーションの2系統一致
MA_RS21235,MA_4069,4989001,BLAST,4989289,4989262,いずれとも異なる(第3の候補),中確信度: 上流への延長の可能性(片方の証拠のみ)
MA_RS21245,MA_4071,4989866,BLAST,4989860,4989860,BLASTと一致,高確信度相当(格上げ): BLAST+GCA旧アノテーションの2系統一致
MA_RS21250,MA_4072,4990537,BLAST,4990534,4990534,BLAST・RNA-seq両方と一致,高確信度相当(格上げ): BLAST+GCA旧アノテーションの2系統一致
MA_RS21260,MA_4074,4991487,BLAST,4991466,4991466,BLAST・RNA-seq両方と一致,高確信度相当(格上げ): BLAST+GCA旧アノテーションの2系統一致
MA_RS21270,MA_4076,4994069,BLAST,4994078,4994078,BLAST・RNA-seq両方と一致,高確信度相当(格上げ): BLAST+GCA旧アノテーションの2系統一致
MA_RS21375,MA_4097,5019162,BLAST,5019117,5019117,BLASTと一致,高確信度相当(格上げ): BLAST+GCA旧アノテーションの2系統一致
MA_RS21450,MA_4111,5033083,BLAST,5033092,5033092,BLASTと一致,高確信度相当(格上げ): BLAST+GCA旧アノテーションの2系統一致
MA_RS21495,MA_4121,5039654,BLAST,5039633,5039633,BLASTと一致,高確信度相当(格上げ): BLAST+GCA旧アノテーションの2系統一致
MA_RS21530,MA_4127,5044756,BLAST,5045044,5045044,BLASTと一致,高確信度相当(格上げ): BLAST+GCA旧アノテーションの2系統一致
MA_RS21610,MA_4143,5059966,BLAST,5059969,5059810,いずれとも異なる(第3の候補),中確信度: 上流への延長の可能性(片方の証拠のみ)
MA_RS21620,MA_4144,5060557,BLAST,5060545,5060572,いずれとも異なる(第3の候補),中確信度: 上流への延長の可能性(片方の証拠のみ)
MA_RS21625,MA_4145,5061543,BLAST,5061537,5061537,BLASTと一致,高確信度相当(格上げ): BLAST+GCA旧アノテーションの2系統一致
MA_RS21635,MA_4148,5063968,BLAST,5063896,5063896,BLASTと一致,高確信度相当(格上げ): BLAST+GCA旧アノテーションの2系統一致
MA_RS21660,MA_4151,5067457,BLAST,5067430,5067430,BLASTと一致,高確信度相当(格上げ): BLAST+GCA旧アノテーションの2系統一致
MA_RS21670,MA_4153,5070005,BLAST,5069975,5069987,いずれとも異なる(第3の候補),中確信度: 上流への延長の可能性(片方の証拠のみ)
MA_RS21750,MA_4167,5088682,BLAST,5088676,5088676,BLAST・RNA-seq両方と一致,高確信度相当(格上げ): BLAST+GCA旧アノテーションの2系統一致
MA_RS21765,MA_4170,5093718,BLAST,5093724,5093724,BLAST・RNA-seq両方と一致,高確信度相当(格上げ): BLAST+GCA旧アノテーションの2系統一致
MA_RS27665,MA_4179,5103005,BLAST,5102945,5102945,BLAST・RNA-seq両方と一致,高確信度相当(格上げ): BLAST+GCA旧アノテーションの2系統一致
MA_RS21830,MA_4184,5108508,BLAST,5108553,5108349,いずれとも異なる(第3の候補),中確信度: 上流への延長の可能性(片方の証拠のみ)
MA_RS21850,MA_4188,5113606,BLAST,5113618,5113618,BLASTと一致,高確信度相当(格上げ): BLAST+GCA旧アノテーションの2系統一致
MA_RS21870,MA_4190,5115181,BLAST,5115268,5115268,BLASTと一致,高確信度相当(格上げ): BLAST+GCA旧アノテーションの2系統一致
MA_RS21905,MA_4196,5120525,BLAST,5120534,5120534,BLASTと一致,高確信度相当(格上げ): BLAST+GCA旧アノテーションの2系統一致
MA_RS22025,MA_4217,5140863,BLAST,5140854,5140854,BLASTと一致,高確信度相当(格上げ): BLAST+GCA旧アノテーションの2系統一致
MA_RS22050,MA_4222,5146947,BLAST,5146953,5146953,BLASTと一致,高確信度相当(格上げ): BLAST+GCA旧アノテーションの2系統一致
MA_RS22075,MA_4227,5151632,BLAST,5151725,5151641,いずれとも異なる(第3の候補),中確信度: 上流への延長の可能性(片方の証拠のみ)
MA_RS22090,MA_4229,5153773,BLAST,5153782,5153782,BLASTと一致,高確信度相当(格上げ): BLAST+GCA旧アノテーションの2系統一致
MA_RS22095,MA_4230,5154824,BLAST,5154869,5154869,BLAST・RNA-seq両方と一致,高確信度相当(格上げ): BLAST+GCA旧アノテーションの2系統一致
MA_RS22155,MA_4243,5167865,BLAST,5167874,5167874,BLAST・RNA-seq両方と一致,高確信度相当(格上げ): BLAST+GCA旧アノテーションの2系統一致
MA_RS22185,MA_4249,5173704,BLAST,5173737,5173737,BLAST・RNA-seq両方と一致,高確信度相当(格上げ): BLAST+GCA旧アノテーションの2系統一致
MA_RS22195,MA_4251,5174955,BLAST,5174913,5174913,BLASTと一致,高確信度相当(格上げ): BLAST+GCA旧アノテーションの2系統一致
MA_RS22225,MA_4257,5180281,BLAST,5180344,5180344,BLASTと一致,高確信度相当(格上げ): BLAST+GCA旧アノテーションの2系統一致
MA_RS22280,MA_4267,5190284,BLAST,5190293,5190293,BLASTと一致,高確信度相当(格上げ): BLAST+GCA旧アノテーションの2系統一致
MA_RS22310,MA_4273,5194643,BLAST,5194631,5194631,BLASTと一致,高確信度相当(格上げ): BLAST+GCA旧アノテーションの2系統一致
MA_RS22335,MA_4278,5199267,BLAST,5199279,5199279,BLASTと一致,高確信度相当(格上げ): BLAST+GCA旧アノテーションの2系統一致
MA_RS26105,MA_4280,5202082,BLAST,5202091,5202091,BLAST・RNA-seq両方と一致,高確信度相当(格上げ): BLAST+GCA旧アノテーションの2系統一致
MA_RS29585,MA_4283,5204062,BLAST,5204098,5204098,BLAST・RNA-seq両方と一致,高確信度相当(格上げ): BLAST+GCA旧アノテーションの2系統一致
MA_RS22390,MA_4290,5233948,BLAST,5233777,5233777,BLAST・RNA-seq両方と一致,高確信度相当(格上げ): BLAST+GCA旧アノテーションの2系統一致
MA_RS22400,MA_4292,5242439,BLAST,5242331,5242475,いずれとも異なる(第3の候補),中確信度: 上流への延長の可能性(片方の証拠のみ)
MA_RS22445,MA_4299,5269127,BLAST,5269112,5269112,BLAST・RNA-seq両方と一致,高確信度相当(格上げ): BLAST+GCA旧アノテーションの2系統一致
MA_RS22510,MA_4310,5298435,BLAST,5298393,5298393,BLASTと一致,高確信度相当(格上げ): BLAST+GCA旧アノテーションの2系統一致
MA_RS22545,MA_4317,5318104,BLAST,5318116,5318116,BLASTと一致,高確信度相当(格上げ): BLAST+GCA旧アノテーションの2系統一致
MA_RS22570,MA_4321,5322153,BLAST,5322183,5322210,いずれとも異なる(第3の候補),中確信度: 上流への延長の可能性(片方の証拠のみ)
MA_RS22595,MA_4326,5326341,BLAST,5326317,5326269,いずれとも異なる(第3の候補),中確信度: 上流への延長の可能性(片方の証拠のみ)
MA_RS22600,MA_4327,5327491,BLAST,5327467,5327419,いずれとも異なる(第3の候補),中確信度: 上流への延長の可能性(片方の証拠のみ)
MA_RS22605,MA_4328,5328637,BLAST,5328634,5328634,BLAST・RNA-seq両方と一致,高確信度相当(格上げ): BLAST+GCA旧アノテーションの2系統一致
MA_RS22625,MA_4332,5334684,BLAST,5334693,5334693,BLASTと一致,高確信度相当(格上げ): BLAST+GCA旧アノテーションの2系統一致
MA_RS22640,MA_4335,5340346,BLAST,5340364,5340223,いずれとも異なる(第3の候補),中確信度: 上流への延長の可能性(片方の証拠のみ)
MA_RS22665,MA_4338,5344908,BLAST,5344917,5344917,BLAST・RNA-seq両方と一致,高確信度相当(格上げ): BLAST+GCA旧アノテーションの2系統一致
MA_RS22735,MA_4349,5355028,BLAST,5355022,5355022,BLAST・RNA-seq両方と一致,高確信度相当(格上げ): BLAST+GCA旧アノテーションの2系統一致
MA_RS22790,MA_4357,5371992,BLAST,5372013,5372013,BLAST・RNA-seq両方と一致,高確信度相当(格上げ): BLAST+GCA旧アノテーションの2系統一致
MA_RS22810,MA_4361,5375951,BLAST,5375972,5375972,BLASTと一致,高確信度相当(格上げ): BLAST+GCA旧アノテーションの2系統一致
MA_RS22830,MA_4365,5382892,BLAST,5382916,5382916,BLASTと一致,高確信度相当(格上げ): BLAST+GCA旧アノテーションの2系統一致
MA_RS22875,MA_4374,5392805,BLAST,5392760,5392760,BLAST・RNA-seq両方と一致,高確信度相当(格上げ): BLAST+GCA旧アノテーションの2系統一致
MA_RS22900,MA_4379,5402478,BLAST,5402469,5402469,BLAST・RNA-seq両方と一致,高確信度相当(格上げ): BLAST+GCA旧アノテーションの2系統一致
MA_RS22915,MA_4382,5408423,BLAST,5408234,5408234,BLASTと一致,高確信度相当(格上げ): BLAST+GCA旧アノテーションの2系統一致
MA_RS22920,MA_4383,5410492,BLAST,5410591,5410549,RNA-seqと一致,中確信度: 上流への延長の可能性(片方の証拠のみ)
MA_RS22970,MA_4394,5422491,BLAST,5422434,5422434,BLASTと一致,高確信度相当(格上げ): BLAST+GCA旧アノテーションの2系統一致
MA_RS22980,MA_4396,5426252,BLAST,5426246,5426246,BLAST・RNA-seq両方と一致,高確信度相当(格上げ): BLAST+GCA旧アノテーションの2系統一致
MA_RS23025,MA_4404,5437758,BLAST,5437656,5437656,BLAST・RNA-seq両方と一致,高確信度相当(格上げ): BLAST+GCA旧アノテーションの2系統一致
MA_RS23085,MA_4417,5453775,BLAST,5453799,5453799,BLASTと一致,高確信度相当(格上げ): BLAST+GCA旧アノテーションの2系統一致
MA_RS23090,MA_4418,5454709,BLAST,5454721,5454721,BLASTと一致,高確信度相当(格上げ): BLAST+GCA旧アノテーションの2系統一致
MA_RS23100,MA_4420,5456590,BLAST,5456581,5456581,BLASTと一致,高確信度相当(格上げ): BLAST+GCA旧アノテーションの2系統一致
MA_RS23190,MA_4438,5482556,BLAST,5482610,5482610,BLASTと一致,高確信度相当(格上げ): BLAST+GCA旧アノテーションの2系統一致
MA_RS23205,MA_4442,5486734,BLAST,5486695,5486695,BLAST・RNA-seq両方と一致,高確信度相当(格上げ): BLAST+GCA旧アノテーションの2系統一致
MA_RS23210,MA_4444,5489742,BLAST,5489724,5489724,BLASTと一致,高確信度相当(格上げ): BLAST+GCA旧アノテーションの2系統一致
MA_RS23235,MA_4449,5496815,BLAST,5496806,5496806,BLAST・RNA-seq両方と一致,高確信度相当(格上げ): BLAST+GCA旧アノテーションの2系統一致
MA_RS23240,MA_4450,5498846,BLAST,5498822,5498822,BLAST・RNA-seq両方と一致,高確信度相当(格上げ): BLAST+GCA旧アノテーションの2系統一致
MA_RS23285,MA_4459,5508694,BLAST,5508763,5508763,BLASTと一致,高確信度相当(格上げ): BLAST+GCA旧アノテーションの2系統一致
MA_RS23290,MA_4460,5508886,BLAST,5508874,5508874,BLASTと一致,高確信度相当(格上げ): BLAST+GCA旧アノテーションの2系統一致
MA_RS23315,MA_4465,5516195,BLAST,5516126,5516126,BLASTと一致,高確信度相当(格上げ): BLAST+GCA旧アノテーションの2系統一致
MA_RS23330,MA_4469,5519140,BLAST,5519068,5519068,BLASTと一致,高確信度相当(格上げ): BLAST+GCA旧アノテーションの2系統一致
MA_RS23335,MA_4470,5520335,BLAST,5520323,5520323,BLASTと一致,高確信度相当(格上げ): BLAST+GCA旧アノテーションの2系統一致
MA_RS23400,MA_4484,5533428,BLAST,5533458,5533458,BLAST・RNA-seq両方と一致,高確信度相当(格上げ): BLAST+GCA旧アノテーションの2系統一致
MA_RS23435,MA_4491,5537374,BLAST,5537257,5537407,いずれとも異なる(第3の候補),中確信度: 上流への延長の可能性(片方の証拠のみ)
MA_RS23465,MA_4498,5541496,BLAST,5541481,5541481,BLASTと一致,高確信度相当(格上げ): BLAST+GCA旧アノテーションの2系統一致
MA_RS23510,MA_4506,5551633,BLAST,5551651,5551651,BLASTと一致,高確信度相当(格上げ): BLAST+GCA旧アノテーションの2系統一致
MA_RS23525,MA_4510,5556920,BLAST,5556926,5556926,BLAST・RNA-seq両方と一致,高確信度相当(格上げ): BLAST+GCA旧アノテーションの2系統一致
MA_RS23540,MA_4513,5559546,BLAST,5559522,5559522,BLAST・RNA-seq両方と一致,高確信度相当(格上げ): BLAST+GCA旧アノテーションの2系統一致
MA_RS23560,MA_4517,5563124,BLAST,5563073,5563073,BLAST・RNA-seq両方と一致,高確信度相当(格上げ): BLAST+GCA旧アノテーションの2系統一致
MA_RS23590,MA_4523,5569478,BLAST,5569475,5569475,BLASTと一致,高確信度相当(格上げ): BLAST+GCA旧アノテーションの2系統一致
MA_RS23650,MA_4536,5584920,BLAST,5584971,5584971,BLASTと一致,高確信度相当(格上げ): BLAST+GCA旧アノテーションの2系統一致
MA_RS23655,MA_4537,5586486,BLAST,5586558,5586252,いずれとも異なる(第3の候補),中確信度: 上流への延長の可能性(片方の証拠のみ)
MA_RS23660,MA_4538,5587455,BLAST,5587545,5587545,BLASTと一致,高確信度相当(格上げ): BLAST+GCA旧アノテーションの2系統一致
MA_RS23685,MA_4543,5592477,BLAST,5592438,5592438,BLAST・RNA-seq両方と一致,高確信度相当(格上げ): BLAST+GCA旧アノテーションの2系統一致
MA_RS23735,MA_4553,5607346,BLAST,5607376,5607376,BLASTと一致,高確信度相当(格上げ): BLAST+GCA旧アノテーションの2系統一致
MA_RS23750,MA_4556,5611435,BLAST,5611474,5611474,BLAST・RNA-seq両方と一致,高確信度相当(格上げ): BLAST+GCA旧アノテーションの2系統一致
MA_RS23810,MA_4567,5627422,BLAST,5627437,5627482,いずれとも異なる(第3の候補),中確信度: 上流への延長の可能性(片方の証拠のみ)
MA_RS24880,MA_4579,5642140,BLAST,5642167,5642167,BLAST・RNA-seq両方と一致,高確信度相当(格上げ): BLAST+GCA旧アノテーションの2系統一致
MA_RS23885,MA_4580,5642884,BLAST,5642902,5642902,BLAST・RNA-seq両方と一致,高確信度相当(格上げ): BLAST+GCA旧アノテーションの2系統一致
MA_RS23895,MA_4581,5644192,BLAST,5644243,5644210,いずれとも異なる(第3の候補),中確信度: 上流への延長の可能性(片方の証拠のみ)
MA_RS29140,MA_4589,5664559,BLAST,5664562,5664562,BLASTと一致,高確信度相当(格上げ): BLAST+GCA旧アノテーションの2系統一致
MA_RS23995,MA_4598,5675625,BLAST,5675628,5675628,BLASTと一致,高確信度相当(格上げ): BLAST+GCA旧アノテーションの2系統一致
MA_RS24025,MA_4604,5680339,BLAST,5680330,5680345,いずれとも異なる(第3の候補),中確信度: 上流への延長の可能性(片方の証拠のみ)
MA_RS24035,MA_4606,5682540,BLAST,5682534,5682534,BLASTと一致,高確信度相当(格上げ): BLAST+GCA旧アノテーションの2系統一致
MA_RS24050,MA_4609,5686324,BLAST,5686360,5686360,BLASTと一致,高確信度相当(格上げ): BLAST+GCA旧アノテーションの2系統一致
MA_RS24065,MA_4611,5688069,BLAST,5688042,5688042,BLASTと一致,高確信度相当(格上げ): BLAST+GCA旧アノテーションの2系統一致
MA_RS24890,MA_4619,5702285,BLAST,5702303,5702303,BLASTと一致,高確信度相当(格上げ): BLAST+GCA旧アノテーションの2系統一致
MA_RS24125,MA_4623,5705462,BLAST,5705540,5705582,いずれとも異なる(第3の候補),中確信度: 上流への延長の可能性(片方の証拠のみ)
MA_RS24150,MA_4628,5711000,BLAST,5711030,5711030,BLASTと一致,高確信度相当(格上げ): BLAST+GCA旧アノテーションの2系統一致
MA_RS24165,MA_4631,5715395,BLAST,5715536,5715536,BLASTと一致,高確信度相当(格上げ): BLAST+GCA旧アノテーションの2系統一致
MA_RS24205,MA_4640,5726681,BLAST,5726672,5726672,BLAST・RNA-seq両方と一致,高確信度相当(格上げ): BLAST+GCA旧アノテーションの2系統一致
MA_RS24225,MA_4644,5734280,BLAST,5734283,5734283,BLASTと一致,高確信度相当(格上げ): BLAST+GCA旧アノテーションの2系統一致
MA_RS24260,MA_4651,5742241,BLAST,5742193,5742193,BLAST・RNA-seq両方と一致,高確信度相当(格上げ): BLAST+GCA旧アノテーションの2系統一致
MA_RS24280,MA_4655,5746967,BLAST,5746946,5746946,BLASTと一致,高確信度相当(格上げ): BLAST+GCA旧アノテーションの2系統一致
MA_RS24285,MA_4656,5747851,BLAST,5747815,5747917,いずれとも異なる(第3の候補),中確信度: 上流への延長の可能性(片方の証拠のみ)
MA_RS24300,MA_4659,5750505,BLAST,5750520,5750520,BLASTと一致,高確信度相当(格上げ): BLAST+GCA旧アノテーションの2系統一致
MA_RS24305,MA_4660,5751244,BLAST,5751247,5751247,BLASTと一致,高確信度相当(格上げ): BLAST+GCA旧アノテーションの2系統一致
